"benchmark","gc","real","collections","level","cpu","sample"
"dataflow",2,82,0,"base",82,0
"dataflow",2,81,0,"base",81,1
"dataflow",3,83,0,"base",83,2
"dataflow",2,83,0,"base",83,3
"dataflow",2,82,0,"base",82,4
"dataflow",3,85,0,"base",85,5
"dataflow",2,82,0,"base",82,6
"dataflow",2,81,0,"base",81,7
"dataflow",2,84,0,"base",84,8
"dataflow",2,82,0,"base",82,9
"dataflow",2,82,0,"base",82,10
"dataflow",2,85,0,"base",85,11
"dataflow",2,83,0,"base",83,12
"dataflow",2,81,0,"base",81,13
"dataflow",3,85,0,"base",85,14
"dataflow",2,80,0,"base",80,15
"dataflow",2,85,0,"base",85,16
"dataflow",2,82,0,"base",82,17
"dataflow",2,82,0,"base",82,18
"dataflow",2,80,0,"base",80,19
"dataflow",2,84,0,"base",84,20
"dataflow",2,79,0,"base",79,21
"dataflow",2,82,0,"base",82,22
"dataflow",2,82,0,"base",82,23
"dataflow",2,80,0,"base",80,24
"dataflow",2,83,0,"base",83,25
"dataflow",3,80,0,"base",80,26
"dataflow",2,94,0,"base",94,27
"dataflow",2,82,0,"base",82,28
"dataflow",2,82,0,"base",82,29
"dataflow",2,79,0,"base",79,30
"dataflow",2,85,0,"base",85,31
"dataflow",2,83,0,"base",83,32
"dataflow",2,86,0,"base",86,33
"dataflow",2,81,0,"base",81,34
"dataflow",3,84,0,"base",84,35
"dataflow",2,84,0,"base",84,36
"dataflow",2,81,0,"base",81,37
"dataflow",2,81,0,"base",81,38
"dataflow",2,82,0,"base",82,39
"dataflow",2,83,0,"base",83,40
"dataflow",3,87,0,"base",87,41
"dataflow",2,82,0,"base",82,42
"dataflow",2,83,0,"base",83,43
"dataflow",2,81,0,"base",81,44
"dataflow",2,79,0,"base",79,45
"dataflow",3,86,0,"base",86,46
"dataflow",2,82,0,"base",82,47
"dataflow",3,87,0,"base",87,48
"dataflow",2,81,0,"base",81,49
"dataflow",2,81,0,"base",81,50
"dataflow",2,80,0,"base",80,51
"dataflow",2,85,0,"base",85,52
"dataflow",2,81,0,"base",81,53
"dataflow",2,88,0,"base",88,54
"dataflow",2,83,0,"base",83,55
"dataflow",2,82,0,"base",82,56
"dataflow",2,82,0,"base",82,57
"dataflow",2,84,0,"base",84,58
"dataflow",2,85,0,"base",85,59
"dataflow",2,81,0,"base",81,60
"dataflow",3,95,0,"base",95,61
"dataflow",2,84,0,"base",84,62
"dataflow",2,84,0,"base",84,63
"dataflow",2,82,0,"base",82,64
"dataflow",2,78,0,"base",78,65
"dataflow",2,78,0,"base",78,66
"dataflow",2,83,0,"base",83,67
"dataflow",2,81,0,"base",81,68
"dataflow",3,85,0,"base",85,69
"dataflow",2,83,0,"base",83,70
"dataflow",2,83,0,"base",83,71
"dataflow",3,82,0,"base",82,72
"dataflow",3,81,0,"base",81,73
"dataflow",2,80,0,"base",80,74
"dataflow",2,82,0,"base",82,75
"dataflow",2,81,0,"base",81,76
"dataflow",2,82,0,"base",82,77
"dataflow",2,82,0,"base",82,78
"dataflow",2,86,0,"base",86,79
"dataflow",2,82,0,"base",82,80
"dataflow",2,84,0,"base",84,81
"dataflow",2,82,0,"base",82,82
"dataflow",3,82,0,"base",82,83
"dataflow",2,80,0,"base",80,84
"dataflow",2,83,0,"base",83,85
"dataflow",2,81,0,"base",81,86
"dataflow",2,83,0,"base",83,87
"dataflow",3,81,0,"base",81,88
"dataflow",2,81,0,"base",81,89
"dataflow",2,85,0,"base",85,90
"dataflow",3,82,0,"base",82,91
"dataflow",2,81,0,"base",81,92
"dataflow",2,81,0,"base",81,93
"dataflow",3,84,0,"base",84,94
"dataflow",2,81,0,"base",81,95
"dataflow",3,80,0,"base",80,96
"dataflow",2,82,0,"base",82,97
"dataflow",2,83,0,"base",83,98
"dataflow",3,86,0,"base",86,99
"dataflow",3,87,584,"noop",87,0
"dataflow",3,93,584,"noop",93,1
"dataflow",2,88,584,"noop",88,2
"dataflow",3,86,584,"noop",85,3
"dataflow",3,86,584,"noop",86,4
"dataflow",3,88,584,"noop",88,5
"dataflow",2,94,584,"noop",94,6
"dataflow",3,91,584,"noop",91,7
"dataflow",3,88,584,"noop",88,8
"dataflow",2,86,584,"noop",86,9
"dataflow",2,86,584,"noop",86,10
"dataflow",3,84,584,"noop",84,11
"dataflow",2,87,584,"noop",87,12
"dataflow",3,85,584,"noop",85,13
"dataflow",3,89,584,"noop",89,14
"dataflow",3,86,584,"noop",86,15
"dataflow",2,86,584,"noop",86,16
"dataflow",2,86,584,"noop",86,17
"dataflow",3,87,584,"noop",87,18
"dataflow",2,85,584,"noop",85,19
"dataflow",3,87,584,"noop",87,20
"dataflow",2,86,584,"noop",86,21
"dataflow",3,88,584,"noop",88,22
"dataflow",2,84,584,"noop",84,23
"dataflow",2,86,584,"noop",86,24
"dataflow",2,84,584,"noop",84,25
"dataflow",3,90,584,"noop",90,26
"dataflow",2,85,584,"noop",85,27
"dataflow",2,87,584,"noop",87,28
"dataflow",2,86,584,"noop",86,29
"dataflow",3,89,584,"noop",89,30
"dataflow",3,86,584,"noop",86,31
"dataflow",2,86,584,"noop",86,32
"dataflow",3,84,584,"noop",84,33
"dataflow",2,87,584,"noop",87,34
"dataflow",2,85,584,"noop",85,35
"dataflow",3,88,584,"noop",88,36
"dataflow",2,85,584,"noop",85,37
"dataflow",2,86,584,"noop",86,38
"dataflow",3,87,584,"noop",87,39
"dataflow",2,88,584,"noop",88,40
"dataflow",2,88,584,"noop",88,41
"dataflow",2,87,584,"noop",87,42
"dataflow",2,87,584,"noop",87,43
"dataflow",2,89,584,"noop",89,44
"dataflow",2,84,584,"noop",84,45
"dataflow",3,86,584,"noop",86,46
"dataflow",3,85,584,"noop",85,47
"dataflow",2,90,584,"noop",90,48
"dataflow",3,84,584,"noop",84,49
"dataflow",2,88,584,"noop",88,50
"dataflow",2,90,584,"noop",90,51
"dataflow",3,89,584,"noop",89,52
"dataflow",3,88,584,"noop",88,53
"dataflow",2,86,584,"noop",86,54
"dataflow",2,87,584,"noop",87,55
"dataflow",2,88,584,"noop",88,56
"dataflow",3,90,584,"noop",90,57
"dataflow",3,86,584,"noop",86,58
"dataflow",2,84,584,"noop",84,59
"dataflow",2,87,584,"noop",87,60
"dataflow",3,89,584,"noop",89,61
"dataflow",2,85,584,"noop",85,62
"dataflow",3,86,584,"noop",86,63
"dataflow",2,92,584,"noop",92,64
"dataflow",3,88,584,"noop",88,65
"dataflow",2,89,584,"noop",89,66
"dataflow",3,85,584,"noop",85,67
"dataflow",2,85,584,"noop",85,68
"dataflow",2,88,584,"noop",88,69
"dataflow",2,89,584,"noop",89,70
"dataflow",3,85,584,"noop",85,71
"dataflow",3,88,584,"noop",88,72
"dataflow",3,87,584,"noop",87,73
"dataflow",2,87,584,"noop",87,74
"dataflow",3,87,584,"noop",87,75
"dataflow",3,87,584,"noop",87,76
"dataflow",2,86,584,"noop",86,77
"dataflow",2,96,584,"noop",96,78
"dataflow",2,86,584,"noop",86,79
"dataflow",3,86,584,"noop",86,80
"dataflow",3,89,584,"noop",89,81
"dataflow",2,86,584,"noop",86,82
"dataflow",2,89,584,"noop",89,83
"dataflow",3,86,584,"noop",86,84
"dataflow",3,89,584,"noop",89,85
"dataflow",3,88,584,"noop",88,86
"dataflow",2,89,584,"noop",89,87
"dataflow",3,86,584,"noop",86,88
"dataflow",2,85,584,"noop",85,89
"dataflow",3,85,584,"noop",85,90
"dataflow",2,87,584,"noop",87,91
"dataflow",2,85,584,"noop",85,92
"dataflow",3,89,584,"noop",89,93
"dataflow",3,86,584,"noop",86,94
"dataflow",2,86,584,"noop",86,95
"dataflow",2,86,584,"noop",86,96
"dataflow",3,90,584,"noop",90,97
"dataflow",2,86,584,"noop",86,98
"dataflow",3,89,584,"noop",89,99
"dataflow",3,272,584,"check",272,0
"dataflow",3,276,584,"check",276,1
"dataflow",3,272,584,"check",272,2
"dataflow",3,290,584,"check",290,3
"dataflow",3,276,584,"check",276,4
"dataflow",3,272,584,"check",272,5
"dataflow",3,277,584,"check",277,6
"dataflow",3,275,584,"check",275,7
"dataflow",3,275,584,"check",275,8
"dataflow",3,269,584,"check",269,9
"dataflow",3,272,584,"check",272,10
"dataflow",3,272,584,"check",272,11
"dataflow",3,274,584,"check",274,12
"dataflow",2,275,584,"check",275,13
"dataflow",2,278,584,"check",278,14
"dataflow",2,272,584,"check",272,15
"dataflow",3,271,584,"check",271,16
"dataflow",3,274,584,"check",274,17
"dataflow",3,279,584,"check",279,18
"dataflow",3,281,584,"check",281,19
"dataflow",3,275,584,"check",275,20
"dataflow",3,272,584,"check",272,21
"dataflow",2,273,584,"check",273,22
"dataflow",2,274,584,"check",274,23
"dataflow",3,270,584,"check",270,24
"dataflow",3,276,584,"check",276,25
"dataflow",3,273,584,"check",273,26
"dataflow",3,271,584,"check",271,27
"dataflow",3,275,584,"check",275,28
"dataflow",3,273,584,"check",273,29
"dataflow",3,271,584,"check",271,30
"dataflow",3,275,584,"check",275,31
"dataflow",3,270,584,"check",270,32
"dataflow",3,275,584,"check",275,33
"dataflow",3,270,584,"check",270,34
"dataflow",2,272,584,"check",272,35
"dataflow",2,271,584,"check",271,36
"dataflow",3,275,584,"check",275,37
"dataflow",3,275,584,"check",275,38
"dataflow",2,270,584,"check",270,39
"dataflow",3,274,584,"check",274,40
"dataflow",3,270,584,"check",270,41
"dataflow",2,273,584,"check",273,42
"dataflow",3,281,584,"check",281,43
"dataflow",3,275,584,"check",274,44
"dataflow",3,271,584,"check",271,45
"dataflow",3,269,584,"check",269,46
"dataflow",3,272,584,"check",272,47
"dataflow",3,275,584,"check",275,48
"dataflow",3,274,584,"check",274,49
"dataflow",3,276,584,"check",276,50
"dataflow",3,274,584,"check",274,51
"dataflow",3,277,584,"check",277,52
"dataflow",3,275,584,"check",275,53
"dataflow",3,282,584,"check",282,54
"dataflow",2,271,584,"check",271,55
"dataflow",3,272,584,"check",272,56
"dataflow",3,276,584,"check",276,57
"dataflow",3,276,584,"check",276,58
"dataflow",3,273,584,"check",273,59
"dataflow",3,279,584,"check",279,60
"dataflow",3,277,584,"check",277,61
"dataflow",3,273,584,"check",273,62
"dataflow",3,273,584,"check",272,63
"dataflow",3,275,584,"check",275,64
"dataflow",3,285,584,"check",285,65
"dataflow",3,278,584,"check",278,66
"dataflow",3,280,584,"check",280,67
"dataflow",3,270,584,"check",270,68
"dataflow",3,275,584,"check",275,69
"dataflow",3,281,584,"check",281,70
"dataflow",3,279,584,"check",279,71
"dataflow",3,273,584,"check",273,72
"dataflow",3,278,584,"check",278,73
"dataflow",3,276,584,"check",276,74
"dataflow",2,270,584,"check",270,75
"dataflow",3,271,584,"check",271,76
"dataflow",3,270,584,"check",270,77
"dataflow",3,274,584,"check",274,78
"dataflow",3,277,584,"check",277,79
"dataflow",3,276,584,"check",276,80
"dataflow",3,277,584,"check",277,81
"dataflow",3,275,584,"check",275,82
"dataflow",3,277,584,"check",277,83
"dataflow",3,275,584,"check",275,84
"dataflow",3,272,584,"check",272,85
"dataflow",3,275,584,"check",275,86
"dataflow",2,271,584,"check",271,87
"dataflow",3,273,584,"check",273,88
"dataflow",2,270,584,"check",269,89
"dataflow",3,276,584,"check",276,90
"dataflow",3,276,584,"check",276,91
"dataflow",3,273,584,"check",273,92
"dataflow",3,274,584,"check",274,93
"dataflow",3,279,584,"check",279,94
"dataflow",2,275,584,"check",275,95
"dataflow",3,274,584,"check",274,96
"dataflow",2,272,584,"check",272,97
"dataflow",3,276,584,"check",276,98
"dataflow",3,277,584,"check",277,99
"dungeon",33,2444,0,"base",2444,0
"dungeon",33,2409,0,"base",2409,1
"dungeon",33,2423,0,"base",2422,2
"dungeon",33,2426,0,"base",2426,3
"dungeon",34,2464,0,"base",2464,4
"dungeon",33,2441,0,"base",2441,5
"dungeon",34,2410,0,"base",2410,6
"dungeon",33,2470,0,"base",2470,7
"dungeon",33,2403,0,"base",2403,8
"dungeon",33,2403,0,"base",2403,9
"dungeon",35,2405,0,"base",2404,10
"dungeon",33,2394,0,"base",2394,11
"dungeon",34,2575,0,"base",2575,12
"dungeon",34,2428,0,"base",2428,13
"dungeon",33,2414,0,"base",2414,14
"dungeon",34,2438,0,"base",2438,15
"dungeon",33,2446,0,"base",2446,16
"dungeon",33,2415,0,"base",2415,17
"dungeon",33,2423,0,"base",2423,18
"dungeon",33,2479,0,"base",2479,19
"dungeon",33,2436,0,"base",2436,20
"dungeon",34,2502,0,"base",2502,21
"dungeon",34,2458,0,"base",2458,22
"dungeon",34,2402,0,"base",2402,23
"dungeon",34,2447,0,"base",2447,24
"dungeon",35,2435,0,"base",2434,25
"dungeon",33,2429,0,"base",2429,26
"dungeon",35,2501,0,"base",2501,27
"dungeon",34,2458,0,"base",2458,28
"dungeon",33,2496,0,"base",2495,29
"dungeon",33,2436,0,"base",2436,30
"dungeon",32,2402,0,"base",2402,31
"dungeon",34,2404,0,"base",2404,32
"dungeon",34,2425,0,"base",2425,33
"dungeon",34,2468,0,"base",2468,34
"dungeon",33,2401,0,"base",2401,35
"dungeon",33,2530,0,"base",2530,36
"dungeon",33,2388,0,"base",2388,37
"dungeon",33,2418,0,"base",2418,38
"dungeon",34,2400,0,"base",2400,39
"dungeon",33,2418,0,"base",2418,40
"dungeon",33,2412,0,"base",2412,41
"dungeon",33,2458,0,"base",2458,42
"dungeon",33,2399,0,"base",2399,43
"dungeon",35,2414,0,"base",2414,44
"dungeon",34,2463,0,"base",2463,45
"dungeon",33,2411,0,"base",2411,46
"dungeon",33,2446,0,"base",2445,47
"dungeon",34,2434,0,"base",2434,48
"dungeon",33,2396,0,"base",2396,49
"dungeon",35,2540,0,"base",2540,50
"dungeon",34,2582,0,"base",2582,51
"dungeon",37,2447,0,"base",2446,52
"dungeon",35,2461,0,"base",2461,53
"dungeon",34,2477,0,"base",2477,54
"dungeon",33,2528,0,"base",2527,55
"dungeon",34,2430,0,"base",2430,56
"dungeon",33,2432,0,"base",2432,57
"dungeon",34,2419,0,"base",2419,58
"dungeon",33,2428,0,"base",2428,59
"dungeon",33,2411,0,"base",2411,60
"dungeon",34,2433,0,"base",2433,61
"dungeon",34,2430,0,"base",2430,62
"dungeon",35,2464,0,"base",2464,63
"dungeon",34,2473,0,"base",2473,64
"dungeon",34,2450,0,"base",2450,65
"dungeon",34,2444,0,"base",2444,66
"dungeon",33,2413,0,"base",2412,67
"dungeon",35,2528,0,"base",2528,68
"dungeon",33,2460,0,"base",2460,69
"dungeon",33,2505,0,"base",2504,70
"dungeon",34,2412,0,"base",2412,71
"dungeon",33,2411,0,"base",2411,72
"dungeon",35,2458,0,"base",2458,73
"dungeon",33,2429,0,"base",2429,74
"dungeon",34,2456,0,"base",2456,75
"dungeon",35,2411,0,"base",2411,76
"dungeon",34,2417,0,"base",2417,77
"dungeon",34,2426,0,"base",2426,78
"dungeon",33,2425,0,"base",2425,79
"dungeon",33,2437,0,"base",2437,80
"dungeon",33,2424,0,"base",2424,81
"dungeon",34,2397,0,"base",2397,82
"dungeon",33,2459,0,"base",2459,83
"dungeon",33,2441,0,"base",2440,84
"dungeon",33,2409,0,"base",2409,85
"dungeon",33,2446,0,"base",2446,86
"dungeon",33,2421,0,"base",2421,87
"dungeon",33,2458,0,"base",2458,88
"dungeon",33,2485,0,"base",2485,89
"dungeon",33,2487,0,"base",2487,90
"dungeon",33,2403,0,"base",2402,91
"dungeon",34,2413,0,"base",2413,92
"dungeon",35,2417,0,"base",2417,93
"dungeon",33,2401,0,"base",2401,94
"dungeon",35,2453,0,"base",2453,95
"dungeon",33,2438,0,"base",2438,96
"dungeon",33,2407,0,"base",2407,97
"dungeon",33,2449,0,"base",2449,98
"dungeon",34,2456,0,"base",2456,99
"dungeon",35,2680,538000,"noop",2680,0
"dungeon",36,2680,538000,"noop",2680,1
"dungeon",35,2674,538000,"noop",2674,2
"dungeon",36,2705,538000,"noop",2705,3
"dungeon",36,2719,538000,"noop",2719,4
"dungeon",35,2844,538000,"noop",2844,5
"dungeon",36,2782,538000,"noop",2781,6
"dungeon",37,2667,538000,"noop",2667,7
"dungeon",35,2716,538000,"noop",2716,8
"dungeon",38,2699,538000,"noop",2699,9
"dungeon",35,2733,538000,"noop",2733,10
"dungeon",37,2705,538000,"noop",2705,11
"dungeon",35,2691,538000,"noop",2691,12
"dungeon",35,2740,538000,"noop",2740,13
"dungeon",35,2641,538000,"noop",2641,14
"dungeon",37,2703,538000,"noop",2703,15
"dungeon",36,2778,538000,"noop",2778,16
"dungeon",36,2722,538000,"noop",2722,17
"dungeon",36,2697,538000,"noop",2697,18
"dungeon",36,2812,538000,"noop",2812,19
"dungeon",36,2667,538000,"noop",2667,20
"dungeon",37,2909,538000,"noop",2909,21
"dungeon",37,2718,538000,"noop",2717,22
"dungeon",36,2694,538000,"noop",2694,23
"dungeon",37,2726,538000,"noop",2726,24
"dungeon",37,2684,538000,"noop",2683,25
"dungeon",37,2721,538000,"noop",2721,26
"dungeon",37,2691,538000,"noop",2690,27
"dungeon",35,2693,538000,"noop",2693,28
"dungeon",35,2684,538000,"noop",2684,29
"dungeon",35,2702,538000,"noop",2702,30
"dungeon",36,2700,538000,"noop",2700,31
"dungeon",36,2693,538000,"noop",2693,32
"dungeon",35,2769,538000,"noop",2768,33
"dungeon",36,2768,538000,"noop",2768,34
"dungeon",36,2787,538000,"noop",2787,35
"dungeon",36,2660,538000,"noop",2660,36
"dungeon",36,2679,538000,"noop",2679,37
"dungeon",35,2699,538000,"noop",2699,38
"dungeon",37,2689,538000,"noop",2689,39
"dungeon",36,2723,538000,"noop",2723,40
"dungeon",36,2703,538000,"noop",2703,41
"dungeon",36,2716,538000,"noop",2716,42
"dungeon",36,2720,538000,"noop",2720,43
"dungeon",36,2708,538000,"noop",2708,44
"dungeon",36,2680,538000,"noop",2679,45
"dungeon",36,2689,538000,"noop",2688,46
"dungeon",35,2790,538000,"noop",2789,47
"dungeon",35,2688,538000,"noop",2688,48
"dungeon",35,2675,538000,"noop",2675,49
"dungeon",36,2671,538000,"noop",2670,50
"dungeon",35,2705,538000,"noop",2704,51
"dungeon",35,2685,538000,"noop",2685,52
"dungeon",36,2712,538000,"noop",2712,53
"dungeon",35,2704,538000,"noop",2704,54
"dungeon",36,2702,538000,"noop",2702,55
"dungeon",36,2793,538000,"noop",2793,56
"dungeon",35,2651,538000,"noop",2651,57
"dungeon",37,2704,538000,"noop",2703,58
"dungeon",35,2732,538000,"noop",2732,59
"dungeon",37,2702,538000,"noop",2702,60
"dungeon",36,2705,538000,"noop",2704,61
"dungeon",35,2662,538000,"noop",2662,62
"dungeon",35,2768,538000,"noop",2767,63
"dungeon",37,2790,538000,"noop",2790,64
"dungeon",35,2719,538000,"noop",2719,65
"dungeon",35,2696,538000,"noop",2695,66
"dungeon",35,2725,538000,"noop",2725,67
"dungeon",36,2727,538000,"noop",2727,68
"dungeon",36,2679,538000,"noop",2679,69
"dungeon",35,2725,538000,"noop",2725,70
"dungeon",36,2697,538000,"noop",2696,71
"dungeon",36,2797,538000,"noop",2797,72
"dungeon",38,2721,538000,"noop",2721,73
"dungeon",36,2667,538000,"noop",2667,74
"dungeon",37,2663,538000,"noop",2662,75
"dungeon",35,2703,538000,"noop",2703,76
"dungeon",35,2752,538000,"noop",2752,77
"dungeon",36,2901,538000,"noop",2900,78
"dungeon",35,2681,538000,"noop",2681,79
"dungeon",37,2706,538000,"noop",2706,80
"dungeon",37,2717,538000,"noop",2717,81
"dungeon",36,2779,538000,"noop",2779,82
"dungeon",36,2682,538000,"noop",2681,83
"dungeon",35,2684,538000,"noop",2684,84
"dungeon",36,2719,538000,"noop",2719,85
"dungeon",37,2751,538000,"noop",2750,86
"dungeon",38,2678,538000,"noop",2678,87
"dungeon",37,2729,538000,"noop",2729,88
"dungeon",36,2714,538000,"noop",2714,89
"dungeon",35,2690,538000,"noop",2690,90
"dungeon",35,2668,538000,"noop",2668,91
"dungeon",36,2714,538000,"noop",2714,92
"dungeon",36,2708,538000,"noop",2708,93
"dungeon",35,2699,538000,"noop",2698,94
"dungeon",35,2753,538000,"noop",2753,95
"dungeon",36,2714,538000,"noop",2714,96
"dungeon",36,2677,538000,"noop",2677,97
"dungeon",36,2716,538000,"noop",2715,98
"dungeon",37,2689,538000,"noop",2688,99
"dungeon",36,2699,538000,"check",2699,0
"dungeon",35,2681,538000,"check",2681,1
"dungeon",38,2731,538000,"check",2731,2
"dungeon",36,2812,538000,"check",2812,3
"dungeon",36,2719,538000,"check",2719,4
"dungeon",36,2699,538000,"check",2699,5
"dungeon",36,2736,538000,"check",2735,6
"dungeon",36,2737,538000,"check",2737,7
"dungeon",35,2674,538000,"check",2673,8
"dungeon",35,2673,538000,"check",2673,9
"dungeon",35,2759,538000,"check",2758,10
"dungeon",35,2706,538000,"check",2706,11
"dungeon",36,2682,538000,"check",2681,12
"dungeon",38,2749,538000,"check",2749,13
"dungeon",36,2787,538000,"check",2787,14
"dungeon",37,2698,538000,"check",2698,15
"dungeon",36,2678,538000,"check",2677,16
"dungeon",35,2702,538000,"check",2702,17
"dungeon",35,2738,538000,"check",2737,18
"dungeon",36,2682,538000,"check",2682,19
"dungeon",35,2688,538000,"check",2688,20
"dungeon",35,2707,538000,"check",2707,21
"dungeon",35,2710,538000,"check",2710,22
"dungeon",35,2716,538000,"check",2715,23
"dungeon",36,2794,538000,"check",2794,24
"dungeon",35,2705,538000,"check",2705,25
"dungeon",35,2684,538000,"check",2684,26
"dungeon",37,2712,538000,"check",2712,27
"dungeon",35,2732,538000,"check",2732,28
"dungeon",38,2749,538000,"check",2749,29
"dungeon",36,2716,538000,"check",2716,30
"dungeon",36,2698,538000,"check",2698,31
"dungeon",36,2681,538000,"check",2681,32
"dungeon",36,2762,538000,"check",2762,33
"dungeon",36,2750,538000,"check",2750,34
"dungeon",36,2715,538000,"check",2715,35
"dungeon",37,2767,538000,"check",2766,36
"dungeon",38,2710,538000,"check",2710,37
"dungeon",36,2708,538000,"check",2708,38
"dungeon",35,2706,538000,"check",2705,39
"dungeon",35,2720,538000,"check",2720,40
"dungeon",38,2690,538000,"check",2690,41
"dungeon",35,2805,538000,"check",2805,42
"dungeon",36,2742,538000,"check",2742,43
"dungeon",36,2701,538000,"check",2700,44
"dungeon",36,2726,538000,"check",2726,45
"dungeon",35,2701,538000,"check",2701,46
"dungeon",35,2664,538000,"check",2664,47
"dungeon",37,2718,538000,"check",2717,48
"dungeon",36,2711,538000,"check",2711,49
"dungeon",36,2722,538000,"check",2722,50
"dungeon",36,2688,538000,"check",2688,51
"dungeon",35,2684,538000,"check",2684,52
"dungeon",35,2676,538000,"check",2676,53
"dungeon",37,2808,538000,"check",2808,54
"dungeon",36,2703,538000,"check",2703,55
"dungeon",35,2676,538000,"check",2676,56
"dungeon",36,2714,538000,"check",2714,57
"dungeon",36,2731,538000,"check",2731,58
"dungeon",37,2694,538000,"check",2694,59
"dungeon",37,2765,538000,"check",2765,60
"dungeon",36,2702,538000,"check",2702,61
"dungeon",37,2752,538000,"check",2752,62
"dungeon",36,2676,538000,"check",2676,63
"dungeon",36,2716,538000,"check",2715,64
"dungeon",35,2748,538000,"check",2748,65
"dungeon",36,2685,538000,"check",2684,66
"dungeon",35,2674,538000,"check",2674,67
"dungeon",35,2706,538000,"check",2706,68
"dungeon",37,2662,538000,"check",2662,69
"dungeon",37,2710,538000,"check",2710,70
"dungeon",37,2720,538000,"check",2720,71
"dungeon",35,2720,538000,"check",2720,72
"dungeon",35,2707,538000,"check",2707,73
"dungeon",36,2709,538000,"check",2709,74
"dungeon",35,2671,538000,"check",2671,75
"dungeon",35,2712,538000,"check",2712,76
"dungeon",35,2687,538000,"check",2687,77
"dungeon",36,2698,538000,"check",2698,78
"dungeon",35,2683,538000,"check",2682,79
"dungeon",35,2703,538000,"check",2702,80
"dungeon",35,2668,538000,"check",2668,81
"dungeon",36,2771,538000,"check",2771,82
"dungeon",35,2668,538000,"check",2668,83
"dungeon",37,2708,538000,"check",2708,84
"dungeon",37,2686,538000,"check",2686,85
"dungeon",38,2746,538000,"check",2746,86
"dungeon",37,2719,538000,"check",2719,87
"dungeon",37,2659,538000,"check",2659,88
"dungeon",35,2728,538000,"check",2727,89
"dungeon",35,2672,538000,"check",2672,90
"dungeon",36,2706,538000,"check",2706,91
"dungeon",37,2747,538000,"check",2747,92
"dungeon",37,2771,538000,"check",2771,93
"dungeon",36,2732,538000,"check",2732,94
"dungeon",35,2701,538000,"check",2701,95
"dungeon",35,2677,538000,"check",2677,96
"dungeon",36,2730,538000,"check",2729,97
"dungeon",35,2725,538000,"check",2725,98
"dungeon",37,2714,538000,"check",2714,99
"fish",333,7699,0,"base",7699,0
"fish",346,7744,0,"base",7743,1
"fish",335,7874,0,"base",7873,2
"fish",345,7750,0,"base",7750,3
"fish",347,7860,0,"base",7860,4
"fish",335,7759,0,"base",7759,5
"fish",332,7795,0,"base",7794,6
"fish",332,7799,0,"base",7798,7
"fish",346,7743,0,"base",7742,8
"fish",332,7722,0,"base",7722,9
"fish",335,7791,0,"base",7791,10
"fish",338,7753,0,"base",7753,11
"fish",332,7887,0,"base",7887,12
"fish",334,7826,0,"base",7825,13
"fish",333,7845,0,"base",7845,14
"fish",337,7795,0,"base",7794,15
"fish",346,7771,0,"base",7770,16
"fish",337,7806,0,"base",7805,17
"fish",336,7744,0,"base",7743,18
"fish",344,7842,0,"base",7841,19
"fish",332,7798,0,"base",7798,20
"fish",328,7778,0,"base",7778,21
"fish",348,7861,0,"base",7861,22
"fish",332,8003,0,"base",8002,23
"fish",335,7861,0,"base",7861,24
"fish",343,7821,0,"base",7820,25
"fish",347,7745,0,"base",7745,26
"fish",343,7685,0,"base",7685,27
"fish",331,7767,0,"base",7767,28
"fish",331,7778,0,"base",7777,29
"fish",338,7854,0,"base",7853,30
"fish",334,7727,0,"base",7726,31
"fish",347,7880,0,"base",7879,32
"fish",333,7770,0,"base",7770,33
"fish",333,7939,0,"base",7938,34
"fish",338,7761,0,"base",7760,35
"fish",347,7749,0,"base",7748,36
"fish",333,7865,0,"base",7864,37
"fish",331,7747,0,"base",7746,38
"fish",336,7717,0,"base",7716,39
"fish",334,7656,0,"base",7655,40
"fish",336,7685,0,"base",7685,41
"fish",345,7744,0,"base",7743,42
"fish",345,7785,0,"base",7784,43
"fish",341,7755,0,"base",7754,44
"fish",337,7932,0,"base",7931,45
"fish",332,7582,0,"base",7582,46
"fish",335,7824,0,"base",7823,47
"fish",348,7864,0,"base",7863,48
"fish",332,7804,0,"base",7803,49
"fish",335,7723,0,"base",7721,50
"fish",333,7744,0,"base",7743,51
"fish",344,7811,0,"base",7811,52
"fish",338,7881,0,"base",7881,53
"fish",333,7707,0,"base",7706,54
"fish",346,7760,0,"base",7759,55
"fish",355,7672,0,"base",7672,56
"fish",336,7839,0,"base",7839,57
"fish",331,7671,0,"base",7671,58
"fish",331,7781,0,"base",7780,59
"fish",333,7767,0,"base",7766,60
"fish",336,7762,0,"base",7761,61
"fish",345,7731,0,"base",7731,62
"fish",332,7697,0,"base",7697,63
"fish",346,7860,0,"base",7860,64
"fish",338,7718,0,"base",7718,65
"fish",340,7841,0,"base",7841,66
"fish",345,7953,0,"base",7953,67
"fish",337,7678,0,"base",7678,68
"fish",345,7868,0,"base",7868,69
"fish",335,7875,0,"base",7874,70
"fish",333,7678,0,"base",7677,71
"fish",338,7847,0,"base",7846,72
"fish",340,7806,0,"base",7804,73
"fish",329,7731,0,"base",7730,74
"fish",334,7693,0,"base",7693,75
"fish",342,7802,0,"base",7801,76
"fish",335,7738,0,"base",7738,77
"fish",346,7822,0,"base",7821,78
"fish",344,7805,0,"base",7804,79
"fish",338,7740,0,"base",7739,80
"fish",335,7717,0,"base",7716,81
"fish",343,7777,0,"base",7776,82
"fish",332,7781,0,"base",7781,83
"fish",347,7745,0,"base",7744,84
"fish",330,7769,0,"base",7768,85
"fish",342,7758,0,"base",7757,86
"fish",333,7761,0,"base",7760,87
"fish",340,7720,0,"base",7720,88
"fish",343,7804,0,"base",7804,89
"fish",340,7786,0,"base",7786,90
"fish",331,7784,0,"base",7783,91
"fish",334,7654,0,"base",7653,92
"fish",344,7766,0,"base",7766,93
"fish",334,7735,0,"base",7734,94
"fish",333,7738,0,"base",7737,95
"fish",333,7763,0,"base",7763,96
"fish",346,7859,0,"base",7858,97
"fish",334,7841,0,"base",7840,98
"fish",351,7751,0,"base",7750,99
"fish",367,8364,63377,"noop",8362,0
"fish",369,8407,63377,"noop",8407,1
"fish",365,8465,63377,"noop",8464,2
"fish",356,8251,63377,"noop",8250,3
"fish",356,8226,63377,"noop",8225,4
"fish",370,8337,63377,"noop",8336,5
"fish",358,8422,63377,"noop",8422,6
"fish",360,8354,63377,"noop",8353,7
"fish",356,8306,63377,"noop",8305,8
"fish",357,8313,63377,"noop",8313,9
"fish",355,8434,63377,"noop",8433,10
"fish",378,8445,63377,"noop",8445,11
"fish",356,8267,63377,"noop",8266,12
"fish",369,8308,63377,"noop",8306,13
"fish",371,8453,63377,"noop",8452,14
"fish",355,8312,63377,"noop",8312,15
"fish",357,8223,63377,"noop",8222,16
"fish",359,8321,63377,"noop",8320,17
"fish",361,8325,63377,"noop",8324,18
"fish",367,8413,63377,"noop",8412,19
"fish",366,8435,63377,"noop",8435,20
"fish",374,8440,63377,"noop",8439,21
"fish",358,8404,63377,"noop",8403,22
"fish",361,8346,63377,"noop",8345,23
"fish",357,8334,63377,"noop",8333,24
"fish",357,8488,63377,"noop",8487,25
"fish",371,8295,63377,"noop",8295,26
"fish",368,8292,63377,"noop",8291,27
"fish",357,8300,63377,"noop",8300,28
"fish",370,8398,63377,"noop",8397,29
"fish",356,8318,63377,"noop",8318,30
"fish",368,8355,63377,"noop",8355,31
"fish",360,8410,63377,"noop",8409,32
"fish",367,8342,63377,"noop",8342,33
"fish",355,8256,63377,"noop",8255,34
"fish",357,8217,63377,"noop",8216,35
"fish",364,8445,63377,"noop",8444,36
"fish",357,8303,63377,"noop",8302,37
"fish",369,8333,63377,"noop",8333,38
"fish",354,8320,63377,"noop",8320,39
"fish",355,8172,63377,"noop",8172,40
"fish",374,8265,63377,"noop",8264,41
"fish",357,8204,63377,"noop",8204,42
"fish",372,8484,63377,"noop",8483,43
"fish",357,8252,63377,"noop",8252,44
"fish",361,8329,63377,"noop",8329,45
"fish",360,8438,63377,"noop",8438,46
"fish",367,8306,63377,"noop",8306,47
"fish",362,8416,63377,"noop",8416,48
"fish",356,8329,63377,"noop",8329,49
"fish",360,8219,63377,"noop",8218,50
"fish",373,8281,63377,"noop",8281,51
"fish",359,8305,63377,"noop",8304,52
"fish",358,8436,63377,"noop",8435,53
"fish",355,8245,63377,"noop",8244,54
"fish",360,8406,63377,"noop",8406,55
"fish",373,8532,63377,"noop",8530,56
"fish",365,8440,63377,"noop",8439,57
"fish",358,8227,63377,"noop",8227,58
"fish",372,8381,63377,"noop",8381,59
"fish",363,8356,63377,"noop",8356,60
"fish",358,8286,63377,"noop",8286,61
"fish",374,8359,63377,"noop",8359,62
"fish",357,8283,63377,"noop",8283,63
"fish",366,8380,63377,"noop",8380,64
"fish",358,8352,63377,"noop",8351,65
"fish",355,8420,63377,"noop",8420,66
"fish",372,8358,63377,"noop",8357,67
"fish",356,8291,63377,"noop",8291,68
"fish",359,8254,63377,"noop",8254,69
"fish",362,8406,63377,"noop",8406,70
"fish",363,8337,63377,"noop",8336,71
"fish",357,8357,63377,"noop",8356,72
"fish",356,8441,63377,"noop",8440,73
"fish",358,8236,63377,"noop",8235,74
"fish",363,8487,63377,"noop",8486,75
"fish",362,8323,63377,"noop",8322,76
"fish",361,8376,63377,"noop",8376,77
"fish",368,8338,63377,"noop",8338,78
"fish",360,8364,63377,"noop",8364,79
"fish",359,8334,63377,"noop",8333,80
"fish",361,8282,63377,"noop",8280,81
"fish",364,8472,63377,"noop",8472,82
"fish",360,8364,63377,"noop",8364,83
"fish",368,8369,63377,"noop",8368,84
"fish",371,8236,63377,"noop",8235,85
"fish",364,8378,63377,"noop",8377,86
"fish",374,8584,63377,"noop",8583,87
"fish",359,8349,63377,"noop",8348,88
"fish",355,8273,63377,"noop",8272,89
"fish",366,8283,63377,"noop",8283,90
"fish",360,8393,63377,"noop",8392,91
"fish",362,8362,63377,"noop",8361,92
"fish",355,8237,63377,"noop",8237,93
"fish",365,8259,63377,"noop",8258,94
"fish",361,8382,63377,"noop",8382,95
"fish",364,8200,63377,"noop",8199,96
"fish",358,8217,63377,"noop",8217,97
"fish",357,8228,63377,"noop",8228,98
"fish",355,8200,63377,"noop",8199,99
"fish",361,8321,63377,"check",8320,0
"fish",371,8355,63377,"check",8355,1
"fish",359,8413,63377,"check",8413,2
"fish",360,8356,63377,"check",8355,3
"fish",364,8344,63377,"check",8342,4
"fish",359,8331,63377,"check",8330,5
"fish",362,8614,63377,"check",8613,6
"fish",359,8424,63377,"check",8424,7
"fish",362,8425,63377,"check",8425,8
"fish",365,8333,63377,"check",8333,9
"fish",357,8222,63377,"check",8221,10
"fish",372,8344,63377,"check",8343,11
"fish",366,8345,63377,"check",8345,12
"fish",371,8329,63377,"check",8329,13
"fish",357,8315,63377,"check",8314,14
"fish",367,8390,63377,"check",8389,15
"fish",358,8374,63377,"check",8373,16
"fish",372,8376,63377,"check",8375,17
"fish",362,8400,63377,"check",8399,18
"fish",360,8342,63377,"check",8341,19
"fish",360,8430,63377,"check",8429,20
"fish",361,8335,63377,"check",8334,21
"fish",358,8284,63377,"check",8283,22
"fish",359,8345,63377,"check",8344,23
"fish",375,8469,63377,"check",8468,24
"fish",356,8236,63377,"check",8235,25
"fish",368,8248,63377,"check",8247,26
"fish",360,8323,63377,"check",8323,27
"fish",360,8490,63377,"check",8490,28
"fish",359,8408,63377,"check",8408,29
"fish",361,8379,63377,"check",8378,30
"fish",358,8226,63377,"check",8225,31
"fish",358,8189,63377,"check",8188,32
"fish",359,8366,63377,"check",8366,33
"fish",367,8426,63377,"check",8425,34
"fish",357,8310,63377,"check",8309,35
"fish",359,8333,63377,"check",8333,36
"fish",362,8382,63377,"check",8382,37
"fish",358,8491,63377,"check",8491,38
"fish",366,8447,63377,"check",8446,39
"fish",369,8429,63377,"check",8428,40
"fish",360,8301,63377,"check",8301,41
"fish",358,8246,63377,"check",8246,42
"fish",363,8515,63377,"check",8515,43
"fish",358,8247,63377,"check",8247,44
"fish",366,8415,63377,"check",8415,45
"fish",358,8532,63377,"check",8531,46
"fish",358,8293,63377,"check",8292,47
"fish",361,8313,63377,"check",8313,48
"fish",363,8373,63377,"check",8373,49
"fish",370,8365,63377,"check",8365,50
"fish",363,8408,63377,"check",8407,51
"fish",372,8443,63377,"check",8442,52
"fish",357,8279,63377,"check",8278,53
"fish",367,8410,63377,"check",8409,54
"fish",358,8465,63377,"check",8464,55
"fish",368,8333,63377,"check",8333,56
"fish",357,8329,63377,"check",8328,57
"fish",370,8296,63377,"check",8296,58
"fish",359,8293,63377,"check",8292,59
"fish",371,8382,63377,"check",8381,60
"fish",361,8304,63377,"check",8303,61
"fish",360,8445,63377,"check",8445,62
"fish",367,8295,63377,"check",8294,63
"fish",360,8389,63377,"check",8389,64
"fish",371,8297,63377,"check",8296,65
"fish",360,8459,63377,"check",8458,66
"fish",370,8434,63377,"check",8433,67
"fish",359,8388,63377,"check",8387,68
"fish",355,8316,63377,"check",8316,69
"fish",360,8458,63377,"check",8458,70
"fish",372,8304,63377,"check",8304,71
"fish",356,8312,63377,"check",8311,72
"fish",360,8234,63377,"check",8233,73
"fish",363,8182,63377,"check",8181,74
"fish",373,8317,63377,"check",8316,75
"fish",374,8461,63377,"check",8460,76
"fish",361,8344,63377,"check",8343,77
"fish",370,8309,63377,"check",8309,78
"fish",377,8467,63377,"check",8467,79
"fish",359,8321,63377,"check",8321,80
"fish",361,8370,63377,"check",8369,81
"fish",360,8430,63377,"check",8430,82
"fish",360,8438,63377,"check",8437,83
"fish",365,8396,63377,"check",8395,84
"fish",362,8432,63377,"check",8431,85
"fish",369,8440,63377,"check",8439,86
"fish",362,8285,63377,"check",8284,87
"fish",370,8298,63377,"check",8298,88
"fish",358,8381,63377,"check",8380,89
"fish",361,8536,63377,"check",8535,90
"fish",362,8354,63377,"check",8354,91
"fish",360,8476,63377,"check",8476,92
"fish",361,8378,63377,"check",8377,93
"fish",366,8221,63377,"check",8221,94
"fish",357,8372,63377,"check",8371,95
"fish",374,8387,63377,"check",8386,96
"fish",363,8429,63377,"check",8428,97
"fish",372,8446,63377,"check",8444,98
"fish",361,8430,63377,"check",8430,99
"future",664,6146,0,"base",6145,0
"future",674,6091,0,"base",6090,1
"future",661,6122,0,"base",6121,2
"future",667,6121,0,"base",6120,3
"future",658,6043,0,"base",6042,4
"future",663,6061,0,"base",6061,5
"future",657,6087,0,"base",6087,6
"future",678,6034,0,"base",6034,7
"future",686,6031,0,"base",6030,8
"future",663,6082,0,"base",6081,9
"future",662,6051,0,"base",6050,10
"future",661,6014,0,"base",6013,11
"future",660,6091,0,"base",6091,12
"future",663,5995,0,"base",5994,13
"future",666,6032,0,"base",6031,14
"future",667,6110,0,"base",6109,15
"future",660,6020,0,"base",6019,16
"future",673,6073,0,"base",6073,17
"future",661,6009,0,"base",6009,18
"future",676,6087,0,"base",6086,19
"future",659,6114,0,"base",6114,20
"future",658,6049,0,"base",6049,21
"future",665,6035,0,"base",6034,22
"future",666,6062,0,"base",6061,23
"future",664,6031,0,"base",6030,24
"future",662,6043,0,"base",6042,25
"future",674,6093,0,"base",6093,26
"future",659,6199,0,"base",6198,27
"future",662,6061,0,"base",6061,28
"future",668,6116,0,"base",6116,29
"future",671,6039,0,"base",6038,30
"future",671,6112,0,"base",6111,31
"future",659,6027,0,"base",6026,32
"future",659,6021,0,"base",6020,33
"future",665,6075,0,"base",6075,34
"future",663,6273,0,"base",6272,35
"future",667,6115,0,"base",6114,36
"future",668,6028,0,"base",6027,37
"future",662,6089,0,"base",6088,38
"future",666,6127,0,"base",6126,39
"future",661,5983,0,"base",5982,40
"future",663,6110,0,"base",6110,41
"future",660,6067,0,"base",6067,42
"future",661,6121,0,"base",6120,43
"future",668,6120,0,"base",6119,44
"future",674,6081,0,"base",6080,45
"future",659,5952,0,"base",5951,46
"future",657,6007,0,"base",6006,47
"future",661,6061,0,"base",6060,48
"future",663,5999,0,"base",5998,49
"future",671,6096,0,"base",6096,50
"future",659,6036,0,"base",6035,51
"future",660,6049,0,"base",6049,52
"future",664,6122,0,"base",6121,53
"future",659,6047,0,"base",6047,54
"future",676,6132,0,"base",6131,55
"future",678,6102,0,"base",6101,56
"future",661,6113,0,"base",6112,57
"future",664,6164,0,"base",6164,58
"future",673,6158,0,"base",6157,59
"future",669,6116,0,"base",6116,60
"future",672,6143,0,"base",6142,61
"future",664,6105,0,"base",6104,62
"future",664,6052,0,"base",6051,63
"future",656,6067,0,"base",6066,64
"future",670,5997,0,"base",5996,65
"future",680,6131,0,"base",6130,66
"future",671,6045,0,"base",6044,67
"future",671,6063,0,"base",6062,68
"future",662,6075,0,"base",6074,69
"future",665,6140,0,"base",6139,70
"future",673,6039,0,"base",6039,71
"future",666,6110,0,"base",6109,72
"future",662,6126,0,"base",6126,73
"future",659,6098,0,"base",6097,74
"future",660,6029,0,"base",6029,75
"future",660,6023,0,"base",6023,76
"future",678,6059,0,"base",6059,77
"future",662,5991,0,"base",5990,78
"future",663,6046,0,"base",6045,79
"future",669,6029,0,"base",6028,80
"future",668,6098,0,"base",6098,81
"future",660,6053,0,"base",6052,82
"future",659,6169,0,"base",6169,83
"future",659,6102,0,"base",6101,84
"future",679,6049,0,"base",6049,85
"future",674,6187,0,"base",6187,86
"future",660,6128,0,"base",6128,87
"future",671,6106,0,"base",6106,88
"future",658,6031,0,"base",6030,89
"future",664,6015,0,"base",6015,90
"future",670,6148,0,"base",6147,91
"future",666,6017,0,"base",6016,92
"future",661,6017,0,"base",6017,93
"future",658,6019,0,"base",6019,94
"future",664,6139,0,"base",6138,95
"future",666,6119,0,"base",6118,96
"future",676,6135,0,"base",6135,97
"future",656,6005,0,"base",6004,98
"future",671,6059,0,"base",6058,99
"future",673,6980,234444,"noop",6979,0
"future",671,7000,234444,"noop",6999,1
"future",688,7060,234444,"noop",7060,2
"future",724,7297,234444,"noop",7296,3
"future",682,7076,234444,"noop",7075,4
"future",672,6968,234444,"noop",6967,5
"future",682,6975,234444,"noop",6974,6
"future",676,7211,234444,"noop",7210,7
"future",669,7147,234444,"noop",7147,8
"future",672,7067,234444,"noop",7066,9
"future",689,7149,234444,"noop",7149,10
"future",686,7051,234444,"noop",7050,11
"future",673,7175,234444,"noop",7175,12
"future",675,7000,234444,"noop",6999,13
"future",685,7131,234444,"noop",7130,14
"future",684,7033,234444,"noop",7032,15
"future",671,7153,234444,"noop",7152,16
"future",673,7111,234444,"noop",7110,17
"future",668,7078,234444,"noop",7077,18
"future",686,6993,234444,"noop",6992,19
"future",678,7016,234444,"noop",7015,20
"future",673,7028,234444,"noop",7027,21
"future",679,7059,234444,"noop",7059,22
"future",679,6990,234444,"noop",6989,23
"future",673,7050,234444,"noop",7050,24
"future",676,7031,234444,"noop",7030,25
"future",679,6985,234444,"noop",6984,26
"future",671,7162,234444,"noop",7161,27
"future",677,7107,234444,"noop",7107,28
"future",671,7040,234444,"noop",7039,29
"future",692,7094,234444,"noop",7094,30
"future",680,7085,234444,"noop",7084,31
"future",677,7116,234444,"noop",7115,32
"future",671,7108,234444,"noop",7107,33
"future",695,7194,234444,"noop",7193,34
"future",671,7001,234444,"noop",7000,35
"future",672,7131,234444,"noop",7130,36
"future",683,7178,234444,"noop",7177,37
"future",671,6932,234444,"noop",6931,38
"future",694,7166,234444,"noop",7165,39
"future",675,7181,234444,"noop",7180,40
"future",675,7116,234444,"noop",7115,41
"future",696,7103,234444,"noop",7102,42
"future",682,7091,234444,"noop",7091,43
"future",675,7121,234444,"noop",7120,44
"future",681,7174,234444,"noop",7173,45
"future",671,6981,234444,"noop",6981,46
"future",674,7029,234444,"noop",7028,47
"future",677,7156,234444,"noop",7156,48
"future",678,7153,234444,"noop",7152,49
"future",695,7221,234444,"noop",7221,50
"future",683,7100,234444,"noop",7099,51
"future",671,6989,234444,"noop",6988,52
"future",675,7020,234444,"noop",7019,53
"future",669,7074,234444,"noop",7074,54
"future",674,6997,234444,"noop",6997,55
"future",672,6924,234444,"noop",6924,56
"future",696,7101,234444,"noop",7101,57
"future",694,7071,234444,"noop",7071,58
"future",670,7124,234444,"noop",7124,59
"future",679,7165,234444,"noop",7165,60
"future",674,6957,234444,"noop",6957,61
"future",675,7163,234444,"noop",7162,62
"future",672,7161,234444,"noop",7160,63
"future",673,7106,234444,"noop",7105,64
"future",678,7022,234444,"noop",7022,65
"future",680,7208,234444,"noop",7208,66
"future",678,7180,234444,"noop",7179,67
"future",688,7017,234444,"noop",7016,68
"future",691,7245,234444,"noop",7244,69
"future",695,7092,234444,"noop",7091,70
"future",693,7163,234444,"noop",7163,71
"future",680,7295,234444,"noop",7295,72
"future",675,7092,234444,"noop",7092,73
"future",684,7164,234444,"noop",7164,74
"future",687,6983,234444,"noop",6983,75
"future",679,7187,234444,"noop",7186,76
"future",675,7055,234444,"noop",7055,77
"future",680,7099,234444,"noop",7099,78
"future",672,6937,234444,"noop",6937,79
"future",678,6954,234444,"noop",6953,80
"future",669,6944,234444,"noop",6944,81
"future",675,7062,234444,"noop",7061,82
"future",684,7009,234444,"noop",7009,83
"future",681,7087,234444,"noop",7086,84
"future",682,7027,234444,"noop",7027,85
"future",678,7120,234444,"noop",7119,86
"future",678,6984,234444,"noop",6983,87
"future",684,7116,234444,"noop",7115,88
"future",685,7215,234444,"noop",7214,89
"future",671,7207,234444,"noop",7206,90
"future",693,7104,234444,"noop",7104,91
"future",695,7135,234444,"noop",7134,92
"future",692,7138,234444,"noop",7137,93
"future",691,7072,234444,"noop",7071,94
"future",676,7053,234444,"noop",7053,95
"future",687,6993,234444,"noop",6992,96
"future",676,6955,234444,"noop",6954,97
"future",676,7022,234444,"noop",7021,98
"future",697,7027,234444,"noop",7027,99
"future",687,7563,234444,"check",7562,0
"future",701,7524,234444,"check",7524,1
"future",679,7336,234444,"check",7335,2
"future",688,7617,234444,"check",7616,3
"future",696,7488,234444,"check",7488,4
"future",696,7659,234444,"check",7658,5
"future",680,7414,234444,"check",7413,6
"future",707,7443,234444,"check",7442,7
"future",687,7396,234444,"check",7395,8
"future",682,7349,234444,"check",7349,9
"future",685,7538,234444,"check",7537,10
"future",685,7577,234444,"check",7577,11
"future",687,7352,234444,"check",7352,12
"future",701,7478,234444,"check",7478,13
"future",692,7576,234444,"check",7575,14
"future",683,7348,234444,"check",7347,15
"future",698,7608,234444,"check",7607,16
"future",678,7358,234444,"check",7358,17
"future",703,7654,234444,"check",7654,18
"future",687,7540,234444,"check",7539,19
"future",689,7528,234444,"check",7528,20
"future",682,7469,234444,"check",7469,21
"future",698,7695,234444,"check",7695,22
"future",687,7602,234444,"check",7601,23
"future",683,7515,234444,"check",7514,24
"future",701,7589,234444,"check",7589,25
"future",693,7413,234444,"check",7412,26
"future",692,7486,234444,"check",7486,27
"future",704,7494,234444,"check",7494,28
"future",709,7558,234444,"check",7557,29
"future",692,7352,234444,"check",7352,30
"future",682,7424,234444,"check",7424,31
"future",707,7417,234444,"check",7417,32
"future",689,7588,234444,"check",7588,33
"future",700,7575,234444,"check",7575,34
"future",696,7527,234444,"check",7527,35
"future",694,7514,234444,"check",7513,36
"future",680,7527,234444,"check",7526,37
"future",701,7560,234444,"check",7560,38
"future",686,7518,234444,"check",7517,39
"future",691,7538,234444,"check",7538,40
"future",682,7346,234444,"check",7346,41
"future",683,7455,234444,"check",7454,42
"future",684,7437,234444,"check",7437,43
"future",684,7394,234444,"check",7393,44
"future",681,7601,234444,"check",7600,45
"future",711,7510,234444,"check",7510,46
"future",692,7504,234444,"check",7504,47
"future",684,7425,234444,"check",7425,48
"future",683,7457,234444,"check",7456,49
"future",693,7528,234444,"check",7528,50
"future",685,7458,234444,"check",7458,51
"future",683,7484,234444,"check",7484,52
"future",681,7446,234444,"check",7446,53
"future",695,7461,234444,"check",7461,54
"future",706,7656,234444,"check",7656,55
"future",681,7507,234444,"check",7506,56
"future",694,7437,234444,"check",7437,57
"future",691,7566,234444,"check",7565,58
"future",688,7515,234444,"check",7514,59
"future",691,7578,234444,"check",7577,60
"future",684,7479,234444,"check",7478,61
"future",682,7489,234444,"check",7489,62
"future",676,7539,234444,"check",7538,63
"future",698,7434,234444,"check",7433,64
"future",686,7581,234444,"check",7581,65
"future",688,7513,234444,"check",7513,66
"future",698,7658,234444,"check",7658,67
"future",680,7396,234444,"check",7396,68
"future",682,7429,234444,"check",7428,69
"future",683,7468,234444,"check",7467,70
"future",690,7446,234444,"check",7446,71
"future",701,7455,234444,"check",7454,72
"future",693,7495,234444,"check",7495,73
"future",694,7533,234444,"check",7532,74
"future",682,7450,234444,"check",7450,75
"future",684,7460,234444,"check",7459,76
"future",685,7585,234444,"check",7584,77
"future",692,7632,234444,"check",7631,78
"future",685,7635,234444,"check",7634,79
"future",682,7538,234444,"check",7538,80
"future",683,7414,234444,"check",7413,81
"future",683,7731,234444,"check",7730,82
"future",694,7538,234444,"check",7537,83
"future",710,7483,234444,"check",7482,84
"future",688,7488,234444,"check",7488,85
"future",679,7543,234444,"check",7543,86
"future",687,7376,234444,"check",7376,87
"future",693,7647,234444,"check",7646,88
"future",681,7446,234444,"check",7446,89
"future",679,7483,234444,"check",7482,90
"future",684,7367,234444,"check",7367,91
"future",680,7467,234444,"check",7467,92
"future",702,7501,234444,"check",7501,93
"future",697,7638,234444,"check",7638,94
"future",696,7420,234444,"check",7420,95
"future",687,7559,234444,"check",7559,96
"future",676,7394,234444,"check",7394,97
"future",694,7565,234444,"check",7565,98
"future",682,7463,234444,"check",7463,99
"jpeg",13,277,0,"base",277,0
"jpeg",12,274,0,"base",274,1
"jpeg",12,269,0,"base",269,2
"jpeg",12,277,0,"base",277,3
"jpeg",12,273,0,"base",273,4
"jpeg",12,270,0,"base",270,5
"jpeg",12,278,0,"base",278,6
"jpeg",13,280,0,"base",280,7
"jpeg",12,280,0,"base",280,8
"jpeg",12,272,0,"base",272,9
"jpeg",12,278,0,"base",278,10
"jpeg",12,293,0,"base",293,11
"jpeg",12,274,0,"base",274,12
"jpeg",12,275,0,"base",275,13
"jpeg",12,274,0,"base",274,14
"jpeg",12,277,0,"base",277,15
"jpeg",12,271,0,"base",271,16
"jpeg",12,286,0,"base",286,17
"jpeg",12,271,0,"base",271,18
"jpeg",12,272,0,"base",272,19
"jpeg",13,280,0,"base",280,20
"jpeg",12,268,0,"base",268,21
"jpeg",12,281,0,"base",281,22
"jpeg",12,277,0,"base",277,23
"jpeg",13,274,0,"base",274,24
"jpeg",12,267,0,"base",267,25
"jpeg",13,288,0,"base",288,26
"jpeg",12,271,0,"base",271,27
"jpeg",12,276,0,"base",276,28
"jpeg",12,288,0,"base",288,29
"jpeg",12,271,0,"base",271,30
"jpeg",12,283,0,"base",283,31
"jpeg",13,278,0,"base",278,32
"jpeg",12,278,0,"base",278,33
"jpeg",12,275,0,"base",275,34
"jpeg",12,280,0,"base",280,35
"jpeg",12,269,0,"base",269,36
"jpeg",12,276,0,"base",276,37
"jpeg",12,269,0,"base",269,38
"jpeg",12,282,0,"base",282,39
"jpeg",12,276,0,"base",276,40
"jpeg",12,282,0,"base",282,41
"jpeg",12,275,0,"base",275,42
"jpeg",12,270,0,"base",270,43
"jpeg",12,276,0,"base",276,44
"jpeg",12,272,0,"base",272,45
"jpeg",12,275,0,"base",275,46
"jpeg",12,268,0,"base",268,47
"jpeg",12,277,0,"base",277,48
"jpeg",12,269,0,"base",269,49
"jpeg",13,291,0,"base",291,50
"jpeg",12,278,0,"base",278,51
"jpeg",12,276,0,"base",276,52
"jpeg",12,275,0,"base",275,53
"jpeg",12,282,0,"base",282,54
"jpeg",12,274,0,"base",274,55
"jpeg",12,272,0,"base",272,56
"jpeg",12,274,0,"base",274,57
"jpeg",12,279,0,"base",279,58
"jpeg",12,274,0,"base",274,59
"jpeg",12,273,0,"base",273,60
"jpeg",12,281,0,"base",281,61
"jpeg",12,279,0,"base",279,62
"jpeg",12,279,0,"base",279,63
"jpeg",12,271,0,"base",271,64
"jpeg",12,274,0,"base",274,65
"jpeg",13,277,0,"base",277,66
"jpeg",12,269,0,"base",269,67
"jpeg",12,278,0,"base",278,68
"jpeg",12,264,0,"base",264,69
"jpeg",12,269,0,"base",269,70
"jpeg",12,270,0,"base",270,71
"jpeg",12,273,0,"base",273,72
"jpeg",12,276,0,"base",276,73
"jpeg",12,278,0,"base",278,74
"jpeg",12,266,0,"base",266,75
"jpeg",12,284,0,"base",284,76
"jpeg",12,269,0,"base",269,77
"jpeg",12,272,0,"base",272,78
"jpeg",12,273,0,"base",273,79
"jpeg",12,275,0,"base",275,80
"jpeg",12,273,0,"base",273,81
"jpeg",12,270,0,"base",270,82
"jpeg",13,274,0,"base",274,83
"jpeg",12,278,0,"base",278,84
"jpeg",12,285,0,"base",285,85
"jpeg",13,276,0,"base",276,86
"jpeg",12,280,0,"base",280,87
"jpeg",12,270,0,"base",270,88
"jpeg",12,279,0,"base",279,89
"jpeg",12,274,0,"base",274,90
"jpeg",12,280,0,"base",280,91
"jpeg",12,283,0,"base",283,92
"jpeg",12,284,0,"base",284,93
"jpeg",12,278,0,"base",278,94
"jpeg",14,283,0,"base",283,95
"jpeg",13,276,0,"base",276,96
"jpeg",12,273,0,"base",273,97
"jpeg",12,278,0,"base",278,98
"jpeg",13,288,0,"base",288,99
"jpeg",12,311,54556,"noop",311,0
"jpeg",13,305,54556,"noop",305,1
"jpeg",12,298,54556,"noop",298,2
"jpeg",12,299,54556,"noop",299,3
"jpeg",12,310,54556,"noop",310,4
"jpeg",12,298,54556,"noop",298,5
"jpeg",12,305,54556,"noop",305,6
"jpeg",12,304,54556,"noop",304,7
"jpeg",13,297,54556,"noop",297,8
"jpeg",13,310,54556,"noop",310,9
"jpeg",13,306,54556,"noop",306,10
"jpeg",13,301,54556,"noop",301,11
"jpeg",13,322,54556,"noop",322,12
"jpeg",13,302,54556,"noop",302,13
"jpeg",13,302,54556,"noop",302,14
"jpeg",13,313,54556,"noop",313,15
"jpeg",12,303,54556,"noop",303,16
"jpeg",12,300,54556,"noop",300,17
"jpeg",13,294,54556,"noop",294,18
"jpeg",12,299,54556,"noop",299,19
"jpeg",13,303,54556,"noop",303,20
"jpeg",13,295,54556,"noop",295,21
"jpeg",13,299,54556,"noop",299,22
"jpeg",12,299,54556,"noop",299,23
"jpeg",12,298,54556,"noop",298,24
"jpeg",13,306,54556,"noop",306,25
"jpeg",12,299,54556,"noop",299,26
"jpeg",12,295,54556,"noop",295,27
"jpeg",12,301,54556,"noop",301,28
"jpeg",12,307,54556,"noop",307,29
"jpeg",12,296,54556,"noop",296,30
"jpeg",13,309,54556,"noop",309,31
"jpeg",13,297,54556,"noop",297,32
"jpeg",13,301,54556,"noop",301,33
"jpeg",12,296,54556,"noop",296,34
"jpeg",13,327,54556,"noop",327,35
"jpeg",13,306,54556,"noop",306,36
"jpeg",13,308,54556,"noop",308,37
"jpeg",12,298,54556,"noop",298,38
"jpeg",12,301,54556,"noop",301,39
"jpeg",12,307,54556,"noop",307,40
"jpeg",13,313,54556,"noop",313,41
"jpeg",13,300,54556,"noop",300,42
"jpeg",13,303,54556,"noop",303,43
"jpeg",13,303,54556,"noop",303,44
"jpeg",13,303,54556,"noop",303,45
"jpeg",12,301,54556,"noop",301,46
"jpeg",12,307,54556,"noop",307,47
"jpeg",13,304,54556,"noop",304,48
"jpeg",13,306,54556,"noop",306,49
"jpeg",12,296,54556,"noop",296,50
"jpeg",12,303,54556,"noop",303,51
"jpeg",12,296,54556,"noop",296,52
"jpeg",12,297,54556,"noop",297,53
"jpeg",12,315,54556,"noop",315,54
"jpeg",13,305,54556,"noop",305,55
"jpeg",13,315,54556,"noop",315,56
"jpeg",12,302,54556,"noop",302,57
"jpeg",13,297,54556,"noop",297,58
"jpeg",13,301,54556,"noop",301,59
"jpeg",13,308,54556,"noop",308,60
"jpeg",12,294,54556,"noop",294,61
"jpeg",12,306,54556,"noop",306,62
"jpeg",13,300,54556,"noop",300,63
"jpeg",13,302,54556,"noop",302,64
"jpeg",12,306,54556,"noop",306,65
"jpeg",13,303,54556,"noop",303,66
"jpeg",13,303,54556,"noop",303,67
"jpeg",12,303,54556,"noop",303,68
"jpeg",13,301,54556,"noop",301,69
"jpeg",12,309,54556,"noop",309,70
"jpeg",12,298,54556,"noop",298,71
"jpeg",12,306,54556,"noop",306,72
"jpeg",12,303,54556,"noop",303,73
"jpeg",13,301,54556,"noop",301,74
"jpeg",13,297,54556,"noop",297,75
"jpeg",13,308,54556,"noop",308,76
"jpeg",12,299,54556,"noop",299,77
"jpeg",13,305,54556,"noop",305,78
"jpeg",13,309,54556,"noop",309,79
"jpeg",13,300,54556,"noop",300,80
"jpeg",13,303,54556,"noop",303,81
"jpeg",13,303,54556,"noop",303,82
"jpeg",12,307,54556,"noop",307,83
"jpeg",13,319,54556,"noop",319,84
"jpeg",13,306,54556,"noop",306,85
"jpeg",12,301,54556,"noop",301,86
"jpeg",13,308,54556,"noop",308,87
"jpeg",13,298,54556,"noop",298,88
"jpeg",12,308,54556,"noop",308,89
"jpeg",13,294,54556,"noop",294,90
"jpeg",12,306,54556,"noop",306,91
"jpeg",12,300,54556,"noop",300,92
"jpeg",12,307,54556,"noop",307,93
"jpeg",13,299,54556,"noop",299,94
"jpeg",13,302,54556,"noop",302,95
"jpeg",13,300,54556,"noop",300,96
"jpeg",13,301,54556,"noop",301,97
"jpeg",13,295,54556,"noop",295,98
"jpeg",13,308,54556,"noop",308,99
"jpeg",13,315,54556,"check",315,0
"jpeg",13,311,54556,"check",311,1
"jpeg",13,309,54556,"check",309,2
"jpeg",13,310,54556,"check",310,3
"jpeg",13,312,54556,"check",312,4
"jpeg",12,311,54556,"check",311,5
"jpeg",13,315,54556,"check",315,6
"jpeg",13,321,54556,"check",321,7
"jpeg",13,312,54556,"check",312,8
"jpeg",13,319,54556,"check",319,9
"jpeg",13,321,54556,"check",321,10
"jpeg",12,316,54556,"check",316,11
"jpeg",13,330,54556,"check",330,12
"jpeg",13,316,54556,"check",316,13
"jpeg",13,308,54556,"check",308,14
"jpeg",12,315,54556,"check",315,15
"jpeg",12,308,54556,"check",308,16
"jpeg",13,313,54556,"check",313,17
"jpeg",12,312,54556,"check",312,18
"jpeg",13,323,54556,"check",323,19
"jpeg",12,323,54556,"check",323,20
"jpeg",13,316,54556,"check",316,21
"jpeg",12,314,54556,"check",314,22
"jpeg",12,311,54556,"check",311,23
"jpeg",13,323,54556,"check",323,24
"jpeg",12,324,54556,"check",324,25
"jpeg",13,316,54556,"check",316,26
"jpeg",12,313,54556,"check",313,27
"jpeg",13,323,54556,"check",323,28
"jpeg",12,323,54556,"check",323,29
"jpeg",13,315,54556,"check",315,30
"jpeg",13,327,54556,"check",327,31
"jpeg",13,318,54556,"check",318,32
"jpeg",12,319,54556,"check",319,33
"jpeg",13,316,54556,"check",316,34
"jpeg",13,319,54556,"check",319,35
"jpeg",13,322,54556,"check",322,36
"jpeg",12,312,54556,"check",312,37
"jpeg",12,310,54556,"check",310,38
"jpeg",13,310,54556,"check",310,39
"jpeg",13,315,54556,"check",315,40
"jpeg",13,314,54556,"check",314,41
"jpeg",13,311,54556,"check",311,42
"jpeg",12,306,54556,"check",306,43
"jpeg",13,324,54556,"check",324,44
"jpeg",13,314,54556,"check",314,45
"jpeg",13,334,54556,"check",334,46
"jpeg",13,322,54556,"check",322,47
"jpeg",13,331,54556,"check",331,48
"jpeg",12,310,54556,"check",310,49
"jpeg",13,314,54556,"check",314,50
"jpeg",12,313,54556,"check",313,51
"jpeg",13,315,54556,"check",315,52
"jpeg",12,314,54556,"check",314,53
"jpeg",12,322,54556,"check",322,54
"jpeg",13,331,54556,"check",331,55
"jpeg",13,309,54556,"check",309,56
"jpeg",13,312,54556,"check",312,57
"jpeg",13,313,54556,"check",313,58
"jpeg",13,314,54556,"check",314,59
"jpeg",12,306,54556,"check",306,60
"jpeg",12,311,54556,"check",311,61
"jpeg",13,313,54556,"check",313,62
"jpeg",13,320,54556,"check",320,63
"jpeg",12,317,54556,"check",317,64
"jpeg",13,311,54556,"check",311,65
"jpeg",13,313,54556,"check",312,66
"jpeg",12,308,54556,"check",308,67
"jpeg",12,314,54556,"check",314,68
"jpeg",12,324,54556,"check",324,69
"jpeg",13,311,54556,"check",311,70
"jpeg",12,312,54556,"check",312,71
"jpeg",12,318,54556,"check",318,72
"jpeg",12,317,54556,"check",317,73
"jpeg",12,311,54556,"check",310,74
"jpeg",13,312,54556,"check",312,75
"jpeg",12,319,54556,"check",319,76
"jpeg",13,315,54556,"check",315,77
"jpeg",12,321,54556,"check",321,78
"jpeg",13,326,54556,"check",325,79
"jpeg",13,321,54556,"check",321,80
"jpeg",12,313,54556,"check",313,81
"jpeg",12,321,54556,"check",320,82
"jpeg",12,322,54556,"check",322,83
"jpeg",13,319,54556,"check",319,84
"jpeg",13,329,54556,"check",329,85
"jpeg",12,311,54556,"check",311,86
"jpeg",12,318,54556,"check",318,87
"jpeg",13,314,54556,"check",314,88
"jpeg",12,311,54556,"check",311,89
"jpeg",13,318,54556,"check",318,90
"jpeg",13,316,54556,"check",316,91
"jpeg",12,322,54556,"check",322,92
"jpeg",13,315,54556,"check",315,93
"jpeg",13,312,54556,"check",312,94
"jpeg",13,316,54556,"check",316,95
"jpeg",12,321,54556,"check",321,96
"jpeg",12,317,54556,"check",317,97
"jpeg",13,313,54556,"check",313,98
"jpeg",13,319,54556,"check",319,99
"lnm",22,531,0,"base",531,0
"lnm",23,515,0,"base",515,1
"lnm",21,531,0,"base",530,2
"lnm",21,527,0,"base",527,3
"lnm",22,533,0,"base",533,4
"lnm",21,515,0,"base",515,5
"lnm",22,529,0,"base",529,6
"lnm",21,521,0,"base",521,7
"lnm",22,538,0,"base",538,8
"lnm",21,522,0,"base",522,9
"lnm",22,510,0,"base",510,10
"lnm",21,525,0,"base",525,11
"lnm",22,517,0,"base",517,12
"lnm",22,514,0,"base",514,13
"lnm",22,531,0,"base",531,14
"lnm",22,523,0,"base",523,15
"lnm",22,519,0,"base",519,16
"lnm",21,510,0,"base",510,17
"lnm",21,518,0,"base",518,18
"lnm",22,516,0,"base",516,19
"lnm",22,530,0,"base",530,20
"lnm",21,521,0,"base",521,21
"lnm",22,523,0,"base",523,22
"lnm",23,518,0,"base",517,23
"lnm",21,521,0,"base",521,24
"lnm",21,522,0,"base",522,25
"lnm",23,524,0,"base",524,26
"lnm",21,514,0,"base",514,27
"lnm",22,522,0,"base",522,28
"lnm",22,520,0,"base",520,29
"lnm",22,524,0,"base",524,30
"lnm",22,517,0,"base",517,31
"lnm",22,526,0,"base",526,32
"lnm",23,516,0,"base",516,33
"lnm",21,518,0,"base",518,34
"lnm",21,520,0,"base",520,35
"lnm",21,515,0,"base",515,36
"lnm",21,538,0,"base",538,37
"lnm",22,529,0,"base",529,38
"lnm",22,508,0,"base",508,39
"lnm",23,517,0,"base",516,40
"lnm",22,517,0,"base",517,41
"lnm",22,515,0,"base",515,42
"lnm",22,517,0,"base",517,43
"lnm",22,529,0,"base",529,44
"lnm",21,529,0,"base",528,45
"lnm",21,524,0,"base",524,46
"lnm",21,522,0,"base",522,47
"lnm",21,521,0,"base",521,48
"lnm",21,539,0,"base",539,49
"lnm",22,529,0,"base",529,50
"lnm",21,517,0,"base",517,51
"lnm",22,521,0,"base",521,52
"lnm",21,534,0,"base",534,53
"lnm",21,529,0,"base",529,54
"lnm",21,527,0,"base",527,55
"lnm",21,508,0,"base",508,56
"lnm",22,529,0,"base",529,57
"lnm",22,520,0,"base",520,58
"lnm",22,523,0,"base",523,59
"lnm",22,521,0,"base",521,60
"lnm",21,520,0,"base",520,61
"lnm",21,510,0,"base",510,62
"lnm",23,520,0,"base",520,63
"lnm",21,536,0,"base",535,64
"lnm",22,512,0,"base",512,65
"lnm",22,519,0,"base",519,66
"lnm",22,522,0,"base",522,67
"lnm",21,523,0,"base",523,68
"lnm",22,517,0,"base",517,69
"lnm",21,522,0,"base",522,70
"lnm",22,515,0,"base",515,71
"lnm",22,531,0,"base",531,72
"lnm",21,512,0,"base",512,73
"lnm",22,529,0,"base",529,74
"lnm",22,535,0,"base",535,75
"lnm",21,530,0,"base",530,76
"lnm",22,548,0,"base",548,77
"lnm",22,522,0,"base",522,78
"lnm",21,518,0,"base",518,79
"lnm",21,514,0,"base",514,80
"lnm",21,516,0,"base",516,81
"lnm",23,513,0,"base",513,82
"lnm",22,525,0,"base",524,83
"lnm",22,525,0,"base",525,84
"lnm",22,515,0,"base",515,85
"lnm",23,520,0,"base",520,86
"lnm",21,522,0,"base",522,87
"lnm",22,517,0,"base",517,88
"lnm",22,519,0,"base",519,89
"lnm",22,517,0,"base",517,90
"lnm",22,530,0,"base",530,91
"lnm",22,532,0,"base",532,92
"lnm",22,525,0,"base",525,93
"lnm",22,524,0,"base",524,94
"lnm",22,521,0,"base",521,95
"lnm",23,551,0,"base",551,96
"lnm",22,523,0,"base",523,97
"lnm",22,515,0,"base",515,98
"lnm",21,515,0,"base",515,99
"lnm",22,523,3248,"noop",523,0
"lnm",22,525,3248,"noop",525,1
"lnm",22,554,3248,"noop",554,2
"lnm",22,537,3248,"noop",537,3
"lnm",22,521,3248,"noop",521,4
"lnm",21,526,3248,"noop",526,5
"lnm",22,524,3248,"noop",524,6
"lnm",21,530,3248,"noop",530,7
"lnm",22,535,3248,"noop",535,8
"lnm",21,521,3248,"noop",521,9
"lnm",21,525,3248,"noop",525,10
"lnm",22,527,3248,"noop",527,11
"lnm",22,525,3248,"noop",525,12
"lnm",22,523,3248,"noop",523,13
"lnm",21,536,3248,"noop",536,14
"lnm",21,520,3248,"noop",520,15
"lnm",22,531,3248,"noop",531,16
"lnm",22,540,3248,"noop",540,17
"lnm",21,536,3248,"noop",536,18
"lnm",21,528,3248,"noop",528,19
"lnm",21,538,3248,"noop",538,20
"lnm",22,550,3248,"noop",550,21
"lnm",21,529,3248,"noop",529,22
"lnm",22,538,3248,"noop",538,23
"lnm",22,533,3248,"noop",533,24
"lnm",22,521,3248,"noop",521,25
"lnm",22,518,3248,"noop",518,26
"lnm",22,541,3248,"noop",541,27
"lnm",22,560,3248,"noop",560,28
"lnm",21,527,3248,"noop",527,29
"lnm",22,529,3248,"noop",529,30
"lnm",22,530,3248,"noop",530,31
"lnm",21,527,3248,"noop",527,32
"lnm",22,528,3248,"noop",528,33
"lnm",22,530,3248,"noop",530,34
"lnm",23,537,3248,"noop",537,35
"lnm",22,519,3248,"noop",519,36
"lnm",22,521,3248,"noop",521,37
"lnm",23,546,3248,"noop",545,38
"lnm",22,535,3248,"noop",535,39
"lnm",22,536,3248,"noop",536,40
"lnm",22,519,3248,"noop",519,41
"lnm",21,539,3248,"noop",539,42
"lnm",22,527,3248,"noop",527,43
"lnm",22,532,3248,"noop",532,44
"lnm",22,530,3248,"noop",530,45
"lnm",22,532,3248,"noop",532,46
"lnm",22,528,3248,"noop",528,47
"lnm",22,524,3248,"noop",524,48
"lnm",22,544,3248,"noop",544,49
"lnm",21,520,3248,"noop",520,50
"lnm",22,533,3248,"noop",533,51
"lnm",22,541,3248,"noop",541,52
"lnm",24,534,3248,"noop",534,53
"lnm",21,526,3248,"noop",526,54
"lnm",21,525,3248,"noop",525,55
"lnm",22,532,3248,"noop",532,56
"lnm",21,534,3248,"noop",534,57
"lnm",23,525,3248,"noop",525,58
"lnm",22,532,3248,"noop",532,59
"lnm",22,535,3248,"noop",535,60
"lnm",21,537,3248,"noop",537,61
"lnm",22,542,3248,"noop",542,62
"lnm",21,535,3248,"noop",535,63
"lnm",21,533,3248,"noop",533,64
"lnm",22,530,3248,"noop",530,65
"lnm",23,534,3248,"noop",534,66
"lnm",22,524,3248,"noop",524,67
"lnm",21,522,3248,"noop",522,68
"lnm",22,543,3248,"noop",543,69
"lnm",22,524,3248,"noop",524,70
"lnm",22,540,3248,"noop",540,71
"lnm",22,551,3248,"noop",551,72
"lnm",21,531,3248,"noop",531,73
"lnm",21,524,3248,"noop",524,74
"lnm",21,526,3248,"noop",526,75
"lnm",22,524,3248,"noop",524,76
"lnm",22,531,3248,"noop",531,77
"lnm",22,524,3248,"noop",524,78
"lnm",21,524,3248,"noop",524,79
"lnm",22,580,3248,"noop",580,80
"lnm",23,532,3248,"noop",532,81
"lnm",22,535,3248,"noop",535,82
"lnm",22,535,3248,"noop",535,83
"lnm",21,530,3248,"noop",530,84
"lnm",22,535,3248,"noop",535,85
"lnm",22,532,3248,"noop",532,86
"lnm",21,526,3248,"noop",526,87
"lnm",22,532,3248,"noop",532,88
"lnm",22,541,3248,"noop",541,89
"lnm",22,525,3248,"noop",525,90
"lnm",22,536,3248,"noop",536,91
"lnm",22,530,3248,"noop",530,92
"lnm",22,518,3248,"noop",518,93
"lnm",22,536,3248,"noop",536,94
"lnm",21,528,3248,"noop",528,95
"lnm",22,546,3248,"noop",546,96
"lnm",22,538,3248,"noop",538,97
"lnm",22,527,3248,"noop",527,98
"lnm",21,525,3248,"noop",525,99
"lnm",22,553,3248,"check",553,0
"lnm",21,535,3248,"check",535,1
"lnm",22,531,3248,"check",531,2
"lnm",22,537,3248,"check",537,3
"lnm",21,536,3248,"check",536,4
"lnm",22,534,3248,"check",534,5
"lnm",21,527,3248,"check",527,6
"lnm",21,534,3248,"check",534,7
"lnm",21,521,3248,"check",521,8
"lnm",22,528,3248,"check",528,9
"lnm",22,534,3248,"check",534,10
"lnm",23,564,3248,"check",564,11
"lnm",22,540,3248,"check",540,12
"lnm",22,527,3248,"check",527,13
"lnm",22,521,3248,"check",521,14
"lnm",22,530,3248,"check",530,15
"lnm",22,537,3248,"check",537,16
"lnm",22,539,3248,"check",539,17
"lnm",21,526,3248,"check",526,18
"lnm",21,528,3248,"check",528,19
"lnm",22,529,3248,"check",529,20
"lnm",22,527,3248,"check",527,21
"lnm",22,530,3248,"check",530,22
"lnm",22,537,3248,"check",537,23
"lnm",23,530,3248,"check",529,24
"lnm",21,535,3248,"check",535,25
"lnm",21,523,3248,"check",523,26
"lnm",22,563,3248,"check",563,27
"lnm",22,533,3248,"check",533,28
"lnm",22,532,3248,"check",532,29
"lnm",22,538,3248,"check",538,30
"lnm",23,528,3248,"check",528,31
"lnm",23,571,3248,"check",571,32
"lnm",22,536,3248,"check",536,33
"lnm",21,535,3248,"check",535,34
"lnm",22,529,3248,"check",528,35
"lnm",22,537,3248,"check",537,36
"lnm",22,535,3248,"check",535,37
"lnm",22,547,3248,"check",547,38
"lnm",21,529,3248,"check",529,39
"lnm",22,526,3248,"check",526,40
"lnm",22,531,3248,"check",531,41
"lnm",22,524,3248,"check",524,42
"lnm",22,535,3248,"check",535,43
"lnm",21,535,3248,"check",535,44
"lnm",22,553,3248,"check",553,45
"lnm",22,548,3248,"check",548,46
"lnm",21,535,3248,"check",535,47
"lnm",22,538,3248,"check",538,48
"lnm",21,537,3248,"check",537,49
"lnm",22,532,3248,"check",532,50
"lnm",22,528,3248,"check",528,51
"lnm",21,529,3248,"check",529,52
"lnm",22,537,3248,"check",537,53
"lnm",22,534,3248,"check",534,54
"lnm",22,546,3248,"check",546,55
"lnm",22,527,3248,"check",527,56
"lnm",22,534,3248,"check",534,57
"lnm",22,524,3248,"check",524,58
"lnm",21,529,3248,"check",529,59
"lnm",22,523,3248,"check",523,60
"lnm",22,534,3248,"check",534,61
"lnm",21,528,3248,"check",528,62
"lnm",22,530,3248,"check",530,63
"lnm",22,540,3248,"check",540,64
"lnm",22,545,3248,"check",545,65
"lnm",22,541,3248,"check",541,66
"lnm",22,535,3248,"check",535,67
"lnm",21,526,3248,"check",526,68
"lnm",22,532,3248,"check",532,69
"lnm",22,532,3248,"check",532,70
"lnm",22,540,3248,"check",540,71
"lnm",22,549,3248,"check",549,72
"lnm",21,535,3248,"check",535,73
"lnm",22,534,3248,"check",534,74
"lnm",22,524,3248,"check",524,75
"lnm",22,529,3248,"check",529,76
"lnm",21,531,3248,"check",531,77
"lnm",22,528,3248,"check",528,78
"lnm",22,536,3248,"check",536,79
"lnm",22,535,3248,"check",535,80
"lnm",22,562,3248,"check",562,81
"lnm",22,529,3248,"check",529,82
"lnm",21,529,3248,"check",529,83
"lnm",21,529,3248,"check",529,84
"lnm",23,527,3248,"check",527,85
"lnm",22,544,3248,"check",544,86
"lnm",22,525,3248,"check",525,87
"lnm",22,544,3248,"check",544,88
"lnm",22,541,3248,"check",541,89
"lnm",22,531,3248,"check",531,90
"lnm",22,533,3248,"check",533,91
"lnm",22,530,3248,"check",530,92
"lnm",22,537,3248,"check",537,93
"lnm",22,528,3248,"check",528,94
"lnm",22,541,3248,"check",541,95
"lnm",22,527,3248,"check",527,96
"lnm",22,534,3248,"check",534,97
"lnm",22,530,3248,"check",530,98
"lnm",22,532,3248,"check",532,99
"memory",8,139,0,"base",139,0
"memory",8,139,0,"base",139,1
"memory",8,141,0,"base",141,2
"memory",8,142,0,"base",142,3
"memory",8,142,0,"base",142,4
"memory",8,139,0,"base",139,5
"memory",8,140,0,"base",140,6
"memory",8,140,0,"base",140,7
"memory",8,144,0,"base",144,8
"memory",9,142,0,"base",142,9
"memory",8,140,0,"base",140,10
"memory",8,144,0,"base",144,11
"memory",8,141,0,"base",141,12
"memory",8,145,0,"base",145,13
"memory",8,140,0,"base",140,14
"memory",9,139,0,"base",139,15
"memory",8,139,0,"base",139,16
"memory",8,142,0,"base",142,17
"memory",9,139,0,"base",139,18
"memory",8,142,0,"base",142,19
"memory",8,141,0,"base",141,20
"memory",8,144,0,"base",144,21
"memory",8,146,0,"base",146,22
"memory",8,138,0,"base",138,23
"memory",9,141,0,"base",141,24
"memory",8,145,0,"base",145,25
"memory",8,142,0,"base",142,26
"memory",8,142,0,"base",142,27
"memory",8,141,0,"base",141,28
"memory",9,138,0,"base",138,29
"memory",8,142,0,"base",142,30
"memory",8,138,0,"base",138,31
"memory",8,139,0,"base",139,32
"memory",8,144,0,"base",144,33
"memory",9,142,0,"base",142,34
"memory",8,138,0,"base",138,35
"memory",8,158,0,"base",158,36
"memory",9,139,0,"base",139,37
"memory",8,140,0,"base",140,38
"memory",8,148,0,"base",148,39
"memory",8,139,0,"base",139,40
"memory",9,144,0,"base",144,41
"memory",8,138,0,"base",138,42
"memory",9,143,0,"base",143,43
"memory",8,141,0,"base",141,44
"memory",9,139,0,"base",139,45
"memory",8,139,0,"base",139,46
"memory",8,138,0,"base",138,47
"memory",8,141,0,"base",141,48
"memory",9,144,0,"base",144,49
"memory",8,144,0,"base",144,50
"memory",8,137,0,"base",137,51
"memory",8,145,0,"base",145,52
"memory",8,138,0,"base",138,53
"memory",8,156,0,"base",156,54
"memory",9,144,0,"base",144,55
"memory",8,141,0,"base",141,56
"memory",9,140,0,"base",140,57
"memory",8,142,0,"base",142,58
"memory",9,142,0,"base",142,59
"memory",8,140,0,"base",140,60
"memory",8,140,0,"base",140,61
"memory",8,153,0,"base",153,62
"memory",8,138,0,"base",138,63
"memory",8,141,0,"base",141,64
"memory",8,138,0,"base",138,65
"memory",8,142,0,"base",142,66
"memory",8,147,0,"base",147,67
"memory",9,144,0,"base",144,68
"memory",9,144,0,"base",144,69
"memory",9,140,0,"base",140,70
"memory",8,143,0,"base",143,71
"memory",9,140,0,"base",140,72
"memory",8,138,0,"base",138,73
"memory",9,139,0,"base",139,74
"memory",8,141,0,"base",141,75
"memory",9,142,0,"base",142,76
"memory",9,146,0,"base",146,77
"memory",8,139,0,"base",139,78
"memory",8,140,0,"base",140,79
"memory",8,139,0,"base",139,80
"memory",8,146,0,"base",146,81
"memory",9,143,0,"base",143,82
"memory",8,139,0,"base",139,83
"memory",8,143,0,"base",143,84
"memory",8,138,0,"base",138,85
"memory",8,141,0,"base",141,86
"memory",9,142,0,"base",142,87
"memory",8,140,0,"base",140,88
"memory",8,140,0,"base",140,89
"memory",8,152,0,"base",152,90
"memory",9,138,0,"base",138,91
"memory",9,141,0,"base",141,92
"memory",8,137,0,"base",137,93
"memory",8,136,0,"base",136,94
"memory",8,138,0,"base",138,95
"memory",8,140,0,"base",140,96
"memory",8,138,0,"base",138,97
"memory",9,142,0,"base",142,98
"memory",9,139,0,"base",139,99
"memory",9,160,10002,"noop",160,0
"memory",9,163,10002,"noop",163,1
"memory",9,166,10002,"noop",166,2
"memory",9,164,10002,"noop",164,3
"memory",9,166,10002,"noop",166,4
"memory",9,166,10002,"noop",166,5
"memory",9,164,10002,"noop",164,6
"memory",9,164,10002,"noop",164,7
"memory",9,168,10002,"noop",168,8
"memory",9,166,10002,"noop",166,9
"memory",8,165,10002,"noop",165,10
"memory",9,161,10002,"noop",161,11
"memory",9,175,10002,"noop",175,12
"memory",9,163,10002,"noop",163,13
"memory",8,161,10002,"noop",161,14
"memory",9,160,10002,"noop",160,15
"memory",9,168,10002,"noop",168,16
"memory",9,166,10002,"noop",166,17
"memory",9,161,10002,"noop",161,18
"memory",9,160,10002,"noop",160,19
"memory",9,173,10002,"noop",173,20
"memory",9,160,10002,"noop",160,21
"memory",9,162,10002,"noop",162,22
"memory",8,169,10002,"noop",169,23
"memory",8,160,10002,"noop",160,24
"memory",8,158,10002,"noop",158,25
"memory",9,165,10002,"noop",165,26
"memory",8,167,10002,"noop",167,27
"memory",9,163,10002,"noop",163,28
"memory",9,162,10002,"noop",162,29
"memory",8,166,10002,"noop",166,30
"memory",9,164,10002,"noop",164,31
"memory",8,164,10002,"noop",164,32
"memory",8,163,10002,"noop",163,33
"memory",9,164,10002,"noop",164,34
"memory",8,166,10002,"noop",165,35
"memory",9,165,10002,"noop",165,36
"memory",9,163,10002,"noop",163,37
"memory",9,170,10002,"noop",170,38
"memory",8,158,10002,"noop",157,39
"memory",9,171,10002,"noop",171,40
"memory",8,166,10002,"noop",166,41
"memory",8,163,10002,"noop",163,42
"memory",9,162,10002,"noop",162,43
"memory",8,170,10002,"noop",170,44
"memory",8,162,10002,"noop",162,45
"memory",8,162,10002,"noop",162,46
"memory",9,161,10002,"noop",161,47
"memory",9,160,10002,"noop",160,48
"memory",10,163,10002,"noop",163,49
"memory",9,167,10002,"noop",167,50
"memory",8,166,10002,"noop",166,51
"memory",9,163,10002,"noop",163,52
"memory",8,162,10002,"noop",162,53
"memory",9,166,10002,"noop",166,54
"memory",8,166,10002,"noop",166,55
"memory",9,162,10002,"noop",162,56
"memory",9,162,10002,"noop",162,57
"memory",8,162,10002,"noop",162,58
"memory",8,160,10002,"noop",160,59
"memory",9,166,10002,"noop",166,60
"memory",9,160,10002,"noop",160,61
"memory",9,165,10002,"noop",165,62
"memory",8,173,10002,"noop",173,63
"memory",9,170,10002,"noop",170,64
"memory",8,159,10002,"noop",159,65
"memory",9,162,10002,"noop",162,66
"memory",9,172,10002,"noop",172,67
"memory",9,161,10002,"noop",161,68
"memory",9,162,10002,"noop",162,69
"memory",9,163,10002,"noop",163,70
"memory",9,162,10002,"noop",162,71
"memory",9,164,10002,"noop",164,72
"memory",9,170,10002,"noop",170,73
"memory",8,159,10002,"noop",159,74
"memory",9,163,10002,"noop",163,75
"memory",9,160,10002,"noop",160,76
"memory",9,165,10002,"noop",165,77
"memory",9,164,10002,"noop",164,78
"memory",9,167,10002,"noop",167,79
"memory",8,161,10002,"noop",161,80
"memory",9,163,10002,"noop",163,81
"memory",9,162,10002,"noop",162,82
"memory",9,167,10002,"noop",167,83
"memory",8,163,10002,"noop",163,84
"memory",9,170,10002,"noop",170,85
"memory",9,164,10002,"noop",164,86
"memory",9,163,10002,"noop",163,87
"memory",9,163,10002,"noop",163,88
"memory",9,165,10002,"noop",165,89
"memory",9,168,10002,"noop",168,90
"memory",9,161,10002,"noop",161,91
"memory",9,158,10002,"noop",158,92
"memory",9,169,10002,"noop",169,93
"memory",9,163,10002,"noop",163,94
"memory",9,167,10002,"noop",167,95
"memory",8,163,10002,"noop",163,96
"memory",9,164,10002,"noop",164,97
"memory",9,161,10002,"noop",161,98
"memory",9,172,10002,"noop",172,99
"memory",8,160,10002,"check",160,0
"memory",9,156,10002,"check",156,1
"memory",8,160,10002,"check",160,2
"memory",9,163,10002,"check",163,3
"memory",8,172,10002,"check",172,4
"memory",8,162,10002,"check",162,5
"memory",8,163,10002,"check",163,6
"memory",9,161,10002,"check",161,7
"memory",8,166,10002,"check",166,8
"memory",9,169,10002,"check",169,9
"memory",9,163,10002,"check",163,10
"memory",9,167,10002,"check",167,11
"memory",9,163,10002,"check",163,12
"memory",9,165,10002,"check",165,13
"memory",9,160,10002,"check",160,14
"memory",8,158,10002,"check",158,15
"memory",8,168,10002,"check",168,16
"memory",8,163,10002,"check",163,17
"memory",9,165,10002,"check",165,18
"memory",9,164,10002,"check",164,19
"memory",9,175,10002,"check",175,20
"memory",9,161,10002,"check",161,21
"memory",9,166,10002,"check",166,22
"memory",9,167,10002,"check",167,23
"memory",8,162,10002,"check",162,24
"memory",9,164,10002,"check",164,25
"memory",9,163,10002,"check",163,26
"memory",9,162,10002,"check",162,27
"memory",9,163,10002,"check",163,28
"memory",9,163,10002,"check",163,29
"memory",9,189,10002,"check",189,30
"memory",9,162,10002,"check",162,31
"memory",8,160,10002,"check",160,32
"memory",8,165,10002,"check",165,33
"memory",9,162,10002,"check",162,34
"memory",9,161,10002,"check",161,35
"memory",8,173,10002,"check",173,36
"memory",9,164,10002,"check",164,37
"memory",8,162,10002,"check",162,38
"memory",9,169,10002,"check",169,39
"memory",9,163,10002,"check",163,40
"memory",9,170,10002,"check",170,41
"memory",9,165,10002,"check",165,42
"memory",9,160,10002,"check",160,43
"memory",9,161,10002,"check",161,44
"memory",8,171,10002,"check",171,45
"memory",9,162,10002,"check",162,46
"memory",9,163,10002,"check",163,47
"memory",9,166,10002,"check",166,48
"memory",9,167,10002,"check",167,49
"memory",9,173,10002,"check",173,50
"memory",9,164,10002,"check",164,51
"memory",9,162,10002,"check",162,52
"memory",8,164,10002,"check",164,53
"memory",9,167,10002,"check",167,54
"memory",8,162,10002,"check",162,55
"memory",9,162,10002,"check",162,56
"memory",9,168,10002,"check",168,57
"memory",8,161,10002,"check",161,58
"memory",9,164,10002,"check",164,59
"memory",8,160,10002,"check",160,60
"memory",9,161,10002,"check",161,61
"memory",9,164,10002,"check",164,62
"memory",9,161,10002,"check",161,63
"memory",9,164,10002,"check",164,64
"memory",8,160,10002,"check",160,65
"memory",8,166,10002,"check",166,66
"memory",9,167,10002,"check",167,67
"memory",9,161,10002,"check",161,68
"memory",8,166,10002,"check",166,69
"memory",9,162,10002,"check",161,70
"memory",8,166,10002,"check",166,71
"memory",9,162,10002,"check",162,72
"memory",9,165,10002,"check",165,73
"memory",9,167,10002,"check",167,74
"memory",8,164,10002,"check",164,75
"memory",9,165,10002,"check",165,76
"memory",9,166,10002,"check",166,77
"memory",9,164,10002,"check",164,78
"memory",9,173,10002,"check",173,79
"memory",9,166,10002,"check",166,80
"memory",9,165,10002,"check",165,81
"memory",8,166,10002,"check",166,82
"memory",8,164,10002,"check",164,83
"memory",9,162,10002,"check",162,84
"memory",8,155,10002,"check",155,85
"memory",8,164,10002,"check",164,86
"memory",9,161,10002,"check",161,87
"memory",9,172,10002,"check",172,88
"memory",9,162,10002,"check",162,89
"memory",8,159,10002,"check",159,90
"memory",9,162,10002,"check",162,91
"memory",9,159,10002,"check",159,92
"memory",9,165,10002,"check",165,93
"memory",9,166,10002,"check",166,94
"memory",9,164,10002,"check",164,95
"memory",9,164,10002,"check",164,96
"memory",8,161,10002,"check",161,97
"memory",9,161,10002,"check",161,98
"memory",9,172,10002,"check",171,99
"tetris",170,3088,0,"base",3088,0
"tetris",166,3020,0,"base",3020,1
"tetris",166,3069,0,"base",3069,2
"tetris",166,3045,0,"base",3045,3
"tetris",167,3048,0,"base",3048,4
"tetris",168,3069,0,"base",3069,5
"tetris",168,3033,0,"base",3033,6
"tetris",166,3031,0,"base",3031,7
"tetris",174,3102,0,"base",3102,8
"tetris",171,3028,0,"base",3028,9
"tetris",167,3049,0,"base",3049,10
"tetris",171,3042,0,"base",3042,11
"tetris",165,3011,0,"base",3011,12
"tetris",167,3003,0,"base",3003,13
"tetris",169,3026,0,"base",3026,14
"tetris",166,3057,0,"base",3056,15
"tetris",167,3073,0,"base",3072,16
"tetris",169,3044,0,"base",3044,17
"tetris",168,3062,0,"base",3061,18
"tetris",169,3045,0,"base",3045,19
"tetris",169,3039,0,"base",3039,20
"tetris",170,3027,0,"base",3026,21
"tetris",168,3014,0,"base",3014,22
"tetris",166,3003,0,"base",3003,23
"tetris",167,3049,0,"base",3049,24
"tetris",170,3072,0,"base",3072,25
"tetris",166,3036,0,"base",3036,26
"tetris",168,3038,0,"base",3038,27
"tetris",172,3051,0,"base",3051,28
"tetris",165,3021,0,"base",3020,29
"tetris",167,3034,0,"base",3034,30
"tetris",168,3044,0,"base",3043,31
"tetris",167,3043,0,"base",3043,32
"tetris",170,3073,0,"base",3073,33
"tetris",166,3042,0,"base",3042,34
"tetris",166,3059,0,"base",3058,35
"tetris",171,3052,0,"base",3052,36
"tetris",166,3008,0,"base",3008,37
"tetris",169,3014,0,"base",3013,38
"tetris",164,3023,0,"base",3022,39
"tetris",167,3026,0,"base",3026,40
"tetris",171,3081,0,"base",3080,41
"tetris",165,3032,0,"base",3032,42
"tetris",170,3030,0,"base",3030,43
"tetris",166,3008,0,"base",3007,44
"tetris",171,3029,0,"base",3029,45
"tetris",165,2970,0,"base",2970,46
"tetris",171,2997,0,"base",2997,47
"tetris",167,3038,0,"base",3038,48
"tetris",166,3028,0,"base",3027,49
"tetris",166,3057,0,"base",3057,50
"tetris",164,3003,0,"base",3002,51
"tetris",166,3054,0,"base",3054,52
"tetris",166,3016,0,"base",3015,53
"tetris",165,3033,0,"base",3033,54
"tetris",168,3042,0,"base",3042,55
"tetris",166,3056,0,"base",3056,56
"tetris",166,3030,0,"base",3030,57
"tetris",166,3015,0,"base",3015,58
"tetris",166,3020,0,"base",3020,59
"tetris",166,3055,0,"base",3055,60
"tetris",171,3029,0,"base",3029,61
"tetris",167,3062,0,"base",3062,62
"tetris",167,3066,0,"base",3065,63
"tetris",168,3034,0,"base",3033,64
"tetris",165,3035,0,"base",3035,65
"tetris",165,3051,0,"base",3051,66
"tetris",166,3065,0,"base",3064,67
"tetris",168,3049,0,"base",3049,68
"tetris",166,3078,0,"base",3078,69
"tetris",165,3061,0,"base",3061,70
"tetris",166,2989,0,"base",2989,71
"tetris",171,3051,0,"base",3050,72
"tetris",165,3037,0,"base",3037,73
"tetris",168,3044,0,"base",3044,74
"tetris",166,2991,0,"base",2991,75
"tetris",165,2998,0,"base",2997,76
"tetris",169,3063,0,"base",3063,77
"tetris",166,3046,0,"base",3046,78
"tetris",169,3044,0,"base",3044,79
"tetris",166,3034,0,"base",3033,80
"tetris",170,3021,0,"base",3021,81
"tetris",165,3041,0,"base",3040,82
"tetris",166,3073,0,"base",3072,83
"tetris",166,3067,0,"base",3066,84
"tetris",165,3019,0,"base",3018,85
"tetris",165,3063,0,"base",3062,86
"tetris",167,3045,0,"base",3045,87
"tetris",168,3063,0,"base",3063,88
"tetris",165,3037,0,"base",3037,89
"tetris",168,3012,0,"base",3012,90
"tetris",173,3043,0,"base",3043,91
"tetris",169,3046,0,"base",3046,92
"tetris",166,3026,0,"base",3026,93
"tetris",168,3010,0,"base",3010,94
"tetris",164,3045,0,"base",3044,95
"tetris",165,3052,0,"base",3051,96
"tetris",167,3107,0,"base",3107,97
"tetris",171,3070,0,"base",3069,98
"tetris",165,3011,0,"base",3010,99
"tetris",169,3592,125570,"noop",3592,0
"tetris",165,3589,125570,"noop",3588,1
"tetris",159,3543,125570,"noop",3543,2
"tetris",164,3509,125570,"noop",3508,3
"tetris",169,3558,125570,"noop",3558,4
"tetris",165,3527,125570,"noop",3526,5
"tetris",165,3559,125570,"noop",3559,6
"tetris",165,3579,125570,"noop",3579,7
"tetris",166,3523,125570,"noop",3523,8
"tetris",165,3519,125570,"noop",3519,9
"tetris",167,3573,125570,"noop",3573,10
"tetris",173,3561,125570,"noop",3560,11
"tetris",170,3558,125570,"noop",3558,12
"tetris",164,3600,125570,"noop",3599,13
"tetris",167,3616,125570,"noop",3616,14
"tetris",165,3509,125570,"noop",3508,15
"tetris",165,3598,125570,"noop",3598,16
"tetris",165,3532,125570,"noop",3531,17
"tetris",163,3554,125570,"noop",3553,18
"tetris",169,3557,125570,"noop",3557,19
"tetris",167,3549,125570,"noop",3549,20
"tetris",165,3539,125570,"noop",3539,21
"tetris",166,3599,125570,"noop",3599,22
"tetris",166,3621,125570,"noop",3621,23
"tetris",161,3530,125570,"noop",3529,24
"tetris",161,3519,125570,"noop",3519,25
"tetris",169,3553,125570,"noop",3552,26
"tetris",165,3551,125570,"noop",3550,27
"tetris",168,3637,125570,"noop",3636,28
"tetris",165,3549,125570,"noop",3548,29
"tetris",165,3581,125570,"noop",3581,30
"tetris",166,3578,125570,"noop",3578,31
"tetris",162,3539,125570,"noop",3539,32
"tetris",164,3537,125570,"noop",3537,33
"tetris",166,3552,125570,"noop",3551,34
"tetris",159,3569,125570,"noop",3568,35
"tetris",166,3576,125570,"noop",3575,36
"tetris",159,3570,125570,"noop",3570,37
"tetris",167,3587,125570,"noop",3587,38
"tetris",166,3543,125570,"noop",3542,39
"tetris",163,3639,125570,"noop",3639,40
"tetris",169,3509,125570,"noop",3509,41
"tetris",166,3565,125570,"noop",3565,42
"tetris",160,3517,125570,"noop",3516,43
"tetris",167,3586,125570,"noop",3586,44
"tetris",168,3517,125570,"noop",3516,45
"tetris",164,3598,125570,"noop",3598,46
"tetris",167,3534,125570,"noop",3533,47
"tetris",168,3624,125570,"noop",3624,48
"tetris",158,3511,125570,"noop",3511,49
"tetris",163,3605,125570,"noop",3605,50
"tetris",166,3577,125570,"noop",3577,51
"tetris",167,3612,125570,"noop",3612,52
"tetris",160,3555,125570,"noop",3555,53
"tetris",165,3485,125570,"noop",3484,54
"tetris",164,3544,125570,"noop",3544,55
"tetris",166,3561,125570,"noop",3561,56
"tetris",159,3505,125570,"noop",3505,57
"tetris",165,3642,125570,"noop",3641,58
"tetris",159,3552,125570,"noop",3552,59
"tetris",166,3616,125570,"noop",3615,60
"tetris",159,3584,125570,"noop",3584,61
"tetris",163,3561,125570,"noop",3560,62
"tetris",166,3588,125570,"noop",3587,63
"tetris",166,3560,125570,"noop",3560,64
"tetris",165,3603,125570,"noop",3602,65
"tetris",166,3589,125570,"noop",3588,66
"tetris",166,3582,125570,"noop",3581,67
"tetris",165,3580,125570,"noop",3580,68
"tetris",166,3605,125570,"noop",3605,69
"tetris",166,3617,125570,"noop",3616,70
"tetris",170,3658,125570,"noop",3658,71
"tetris",165,3476,125570,"noop",3476,72
"tetris",170,3599,125570,"noop",3599,73
"tetris",169,3532,125570,"noop",3532,74
"tetris",165,3621,125570,"noop",3620,75
"tetris",165,3564,125570,"noop",3563,76
"tetris",166,3597,125570,"noop",3597,77
"tetris",169,3555,125570,"noop",3554,78
"tetris",164,3587,125570,"noop",3587,79
"tetris",167,3594,125570,"noop",3593,80
"tetris",168,3551,125570,"noop",3550,81
"tetris",165,3607,125570,"noop",3607,82
"tetris",162,3598,125570,"noop",3598,83
"tetris",169,3576,125570,"noop",3576,84
"tetris",165,3542,125570,"noop",3542,85
"tetris",167,3554,125570,"noop",3553,86
"tetris",165,3524,125570,"noop",3523,87
"tetris",167,3625,125570,"noop",3625,88
"tetris",165,3586,125570,"noop",3586,89
"tetris",159,3548,125570,"noop",3548,90
"tetris",172,3587,125570,"noop",3586,91
"tetris",167,3554,125570,"noop",3554,92
"tetris",166,3552,125570,"noop",3551,93
"tetris",159,3570,125570,"noop",3570,94
"tetris",162,3539,125570,"noop",3539,95
"tetris",166,3587,125570,"noop",3587,96
"tetris",163,3569,125570,"noop",3569,97
"tetris",168,3521,125570,"noop",3521,98
"tetris",159,3505,125570,"noop",3504,99
"tetris",280,3934,125570,"check",3933,0
"tetris",281,3969,125570,"check",3969,1
"tetris",282,3933,125570,"check",3933,2
"tetris",282,3977,125570,"check",3977,3
"tetris",281,3919,125570,"check",3919,4
"tetris",281,3844,125570,"check",3844,5
"tetris",280,4014,125570,"check",4013,6
"tetris",279,3902,125570,"check",3901,7
"tetris",277,3860,125570,"check",3860,8
"tetris",286,3887,125570,"check",3887,9
"tetris",281,3886,125570,"check",3886,10
"tetris",279,3871,125570,"check",3871,11
"tetris",281,3881,125570,"check",3880,12
"tetris",274,3936,125570,"check",3936,13
"tetris",280,3885,125570,"check",3885,14
"tetris",283,3894,125570,"check",3893,15
"tetris",281,4002,125570,"check",4001,16
"tetris",276,3947,125570,"check",3946,17
"tetris",281,3931,125570,"check",3931,18
"tetris",274,3930,125570,"check",3930,19
"tetris",280,3927,125570,"check",3926,20
"tetris",281,3943,125570,"check",3942,21
"tetris",285,3945,125570,"check",3945,22
"tetris",281,3956,125570,"check",3956,23
"tetris",285,3892,125570,"check",3891,24
"tetris",281,3895,125570,"check",3895,25
"tetris",277,3873,125570,"check",3873,26
"tetris",280,3959,125570,"check",3958,27
"tetris",275,3933,125570,"check",3933,28
"tetris",280,3890,125570,"check",3890,29
"tetris",284,3959,125570,"check",3959,30
"tetris",282,3968,125570,"check",3967,31
"tetris",285,3952,125570,"check",3952,32
"tetris",286,3923,125570,"check",3922,33
"tetris",282,3930,125570,"check",3929,34
"tetris",279,3923,125570,"check",3923,35
"tetris",284,3941,125570,"check",3941,36
"tetris",284,3927,125570,"check",3927,37
"tetris",284,4012,125570,"check",4012,38
"tetris",282,3912,125570,"check",3911,39
"tetris",280,3905,125570,"check",3904,40
"tetris",276,3905,125570,"check",3904,41
"tetris",280,3853,125570,"check",3853,42
"tetris",286,3869,125570,"check",3868,43
"tetris",282,3973,125570,"check",3973,44
"tetris",275,3883,125570,"check",3883,45
"tetris",277,3895,125570,"check",3895,46
"tetris",285,3949,125570,"check",3949,47
"tetris",282,3980,125570,"check",3980,48
"tetris",273,3905,125570,"check",3905,49
"tetris",275,3988,125570,"check",3988,50
"tetris",282,3893,125570,"check",3892,51
"tetris",285,3947,125570,"check",3947,52
"tetris",281,3886,125570,"check",3885,53
"tetris",281,3873,125570,"check",3873,54
"tetris",283,4056,125570,"check",4056,55
"tetris",281,3908,125570,"check",3908,56
"tetris",279,3979,125570,"check",3978,57
"tetris",280,3939,125570,"check",3939,58
"tetris",281,3905,125570,"check",3905,59
"tetris",283,3919,125570,"check",3918,60
"tetris",277,3955,125570,"check",3955,61
"tetris",276,3961,125570,"check",3961,62
"tetris",281,3920,125570,"check",3920,63
"tetris",281,3904,125570,"check",3904,64
"tetris",274,3872,125570,"check",3872,65
"tetris",283,3991,125570,"check",3990,66
"tetris",282,3888,125570,"check",3887,67
"tetris",288,3889,125570,"check",3889,68
"tetris",287,3877,125570,"check",3876,69
"tetris",279,3979,125570,"check",3979,70
"tetris",283,3915,125570,"check",3915,71
"tetris",279,3888,125570,"check",3887,72
"tetris",283,3924,125570,"check",3924,73
"tetris",284,3916,125570,"check",3916,74
"tetris",283,3924,125570,"check",3924,75
"tetris",281,3924,125570,"check",3923,76
"tetris",276,3992,125570,"check",3992,77
"tetris",275,3976,125570,"check",3975,78
"tetris",279,3941,125570,"check",3940,79
"tetris",274,3927,125570,"check",3926,80
"tetris",277,3921,125570,"check",3921,81
"tetris",280,3944,125570,"check",3943,82
"tetris",277,3971,125570,"check",3971,83
"tetris",285,3860,125570,"check",3860,84
"tetris",280,3932,125570,"check",3932,85
"tetris",283,3971,125570,"check",3971,86
"tetris",286,3897,125570,"check",3896,87
"tetris",279,3933,125570,"check",3932,88
"tetris",282,3950,125570,"check",3949,89
"tetris",286,4025,125570,"check",4025,90
"tetris",280,3938,125570,"check",3937,91
"tetris",285,3921,125570,"check",3920,92
"tetris",279,3881,125570,"check",3880,93
"tetris",284,3869,125570,"check",3869,94
"tetris",274,3964,125570,"check",3963,95
"tetris",280,3867,125570,"check",3866,96
"tetris",281,4023,125570,"check",4023,97
"tetris",287,3931,125570,"check",3930,98
"tetris",280,3862,125570,"check",3861,99
"ticket",79,12857,0,"base",12857,0
"ticket",76,12917,0,"base",12916,1
"ticket",77,12947,0,"base",12947,2
"ticket",78,12973,0,"base",12972,3
"ticket",79,12936,0,"base",12935,4
"ticket",76,13104,0,"base",13104,5
"ticket",79,13081,0,"base",13079,6
"ticket",77,13056,0,"base",13055,7
"ticket",75,12999,0,"base",12998,8
"ticket",77,13160,0,"base",13158,9
"ticket",76,13164,0,"base",13163,10
"ticket",76,13185,0,"base",13184,11
"ticket",76,12997,0,"base",12995,12
"ticket",76,13131,0,"base",13130,13
"ticket",76,13072,0,"base",13071,14
"ticket",78,13132,0,"base",13132,15
"ticket",76,12994,0,"base",12992,16
"ticket",77,13314,0,"base",13313,17
"ticket",76,12975,0,"base",12974,18
"ticket",77,13053,0,"base",13053,19
"ticket",75,12716,0,"base",12715,20
"ticket",77,12974,0,"base",12973,21
"ticket",78,12944,0,"base",12943,22
"ticket",76,13057,0,"base",13056,23
"ticket",77,13124,0,"base",13122,24
"ticket",75,12922,0,"base",12920,25
"ticket",76,12958,0,"base",12957,26
"ticket",77,12913,0,"base",12913,27
"ticket",78,13046,0,"base",13045,28
"ticket",76,13206,0,"base",13204,29
"ticket",77,13074,0,"base",13072,30
"ticket",81,12933,0,"base",12931,31
"ticket",79,12957,0,"base",12955,32
"ticket",78,13264,0,"base",13264,33
"ticket",76,12984,0,"base",12983,34
"ticket",76,13076,0,"base",13076,35
"ticket",79,13158,0,"base",13158,36
"ticket",76,13045,0,"base",13044,37
"ticket",78,13248,0,"base",13248,38
"ticket",76,12880,0,"base",12879,39
"ticket",77,13038,0,"base",13038,40
"ticket",76,13038,0,"base",13037,41
"ticket",77,12995,0,"base",12994,42
"ticket",77,13179,0,"base",13178,43
"ticket",77,13116,0,"base",13115,44
"ticket",77,13221,0,"base",13219,45
"ticket",80,13275,0,"base",13273,46
"ticket",79,12920,0,"base",12919,47
"ticket",76,13111,0,"base",13111,48
"ticket",76,13223,0,"base",13222,49
"ticket",76,13395,0,"base",13393,50
"ticket",78,13133,0,"base",13133,51
"ticket",75,12899,0,"base",12897,52
"ticket",76,13130,0,"base",13129,53
"ticket",76,12834,0,"base",12833,54
"ticket",76,13435,0,"base",13434,55
"ticket",79,13463,0,"base",13462,56
"ticket",76,12998,0,"base",12998,57
"ticket",79,12802,0,"base",12801,58
"ticket",77,13080,0,"base",13079,59
"ticket",76,12916,0,"base",12915,60
"ticket",77,13097,0,"base",13096,61
"ticket",77,12928,0,"base",12927,62
"ticket",75,12975,0,"base",12975,63
"ticket",77,13016,0,"base",13014,64
"ticket",77,13371,0,"base",13370,65
"ticket",82,13139,0,"base",13137,66
"ticket",77,13206,0,"base",13205,67
"ticket",79,12903,0,"base",12902,68
"ticket",77,13055,0,"base",13054,69
"ticket",77,13219,0,"base",13217,70
"ticket",76,12923,0,"base",12921,71
"ticket",79,13108,0,"base",13107,72
"ticket",76,13111,0,"base",13110,73
"ticket",80,13102,0,"base",13101,74
"ticket",77,13385,0,"base",13384,75
"ticket",79,13142,0,"base",13142,76
"ticket",76,13437,0,"base",13435,77
"ticket",80,13176,0,"base",13176,78
"ticket",77,13242,0,"base",13241,79
"ticket",77,12920,0,"base",12919,80
"ticket",79,12905,0,"base",12904,81
"ticket",76,12923,0,"base",12922,82
"ticket",79,13070,0,"base",13070,83
"ticket",77,13015,0,"base",13014,84
"ticket",77,12965,0,"base",12964,85
"ticket",76,13167,0,"base",13166,86
"ticket",76,13067,0,"base",13066,87
"ticket",77,13087,0,"base",13086,88
"ticket",80,13064,0,"base",13063,89
"ticket",77,12848,0,"base",12848,90
"ticket",77,13171,0,"base",13170,91
"ticket",76,12818,0,"base",12817,92
"ticket",76,13312,0,"base",13312,93
"ticket",77,12960,0,"base",12960,94
"ticket",80,12860,0,"base",12858,95
"ticket",77,12943,0,"base",12942,96
"ticket",76,12875,0,"base",12874,97
"ticket",75,13019,0,"base",13017,98
"ticket",80,12999,0,"base",12998,99
"ticket",88,13235,15794,"noop",13235,0
"ticket",85,13202,15794,"noop",13202,1
"ticket",85,13130,15794,"noop",13129,2
"ticket",86,13011,15794,"noop",13010,3
"ticket",84,13166,15794,"noop",13165,4
"ticket",85,13137,15794,"noop",13136,5
"ticket",85,13163,15794,"noop",13162,6
"ticket",85,13445,15794,"noop",13444,7
"ticket",85,12903,15794,"noop",12902,8
"ticket",85,13151,15794,"noop",13151,9
"ticket",86,12901,15794,"noop",12900,10
"ticket",85,13109,15794,"noop",13108,11
"ticket",90,13232,15794,"noop",13232,12
"ticket",85,13214,15794,"noop",13212,13
"ticket",84,13163,15794,"noop",13161,14
"ticket",86,13445,15794,"noop",13443,15
"ticket",84,13250,15794,"noop",13248,16
"ticket",91,13259,15794,"noop",13257,17
"ticket",86,13169,15794,"noop",13169,18
"ticket",85,13112,15794,"noop",13111,19
"ticket",85,13087,15794,"noop",13086,20
"ticket",87,12903,15794,"noop",12902,21
"ticket",85,13339,15794,"noop",13339,22
"ticket",85,13082,15794,"noop",13082,23
"ticket",86,13007,15794,"noop",13005,24
"ticket",85,13450,15794,"noop",13449,25
"ticket",85,13073,15794,"noop",13072,26
"ticket",86,13535,15794,"noop",13534,27
"ticket",89,13189,15794,"noop",13188,28
"ticket",85,13338,15794,"noop",13336,29
"ticket",86,12915,15794,"noop",12914,30
"ticket",88,13166,15794,"noop",13166,31
"ticket",87,13228,15794,"noop",13228,32
"ticket",87,13308,15794,"noop",13307,33
"ticket",85,13325,15794,"noop",13324,34
"ticket",86,13059,15794,"noop",13058,35
"ticket",85,13333,15794,"noop",13332,36
"ticket",86,13171,15794,"noop",13170,37
"ticket",84,13090,15794,"noop",13089,38
"ticket",84,13124,15794,"noop",13124,39
"ticket",85,13081,15794,"noop",13079,40
"ticket",85,13050,15794,"noop",13049,41
"ticket",85,13484,15794,"noop",13483,42
"ticket",88,12902,15794,"noop",12901,43
"ticket",85,13390,15794,"noop",13389,44
"ticket",89,13332,15794,"noop",13330,45
"ticket",85,13058,15794,"noop",13057,46
"ticket",86,13107,15794,"noop",13106,47
"ticket",85,13196,15794,"noop",13195,48
"ticket",85,13155,15794,"noop",13154,49
"ticket",85,13088,15794,"noop",13087,50
"ticket",85,13224,15794,"noop",13223,51
"ticket",85,13157,15794,"noop",13156,52
"ticket",88,13484,15794,"noop",13483,53
"ticket",85,13128,15794,"noop",13127,54
"ticket",84,13444,15794,"noop",13443,55
"ticket",87,13041,15794,"noop",13040,56
"ticket",86,13179,15794,"noop",13177,57
"ticket",87,13146,15794,"noop",13144,58
"ticket",85,13050,15794,"noop",13048,59
"ticket",85,13106,15794,"noop",13105,60
"ticket",85,13068,15794,"noop",13068,61
"ticket",86,13071,15794,"noop",13069,62
"ticket",85,13284,15794,"noop",13282,63
"ticket",85,13086,15794,"noop",13085,64
"ticket",85,13086,15794,"noop",13085,65
"ticket",88,13056,15794,"noop",13054,66
"ticket",85,13127,15794,"noop",13126,67
"ticket",86,13127,15794,"noop",13126,68
"ticket",86,13124,15794,"noop",13124,69
"ticket",85,13165,15794,"noop",13165,70
"ticket",85,13094,15794,"noop",13093,71
"ticket",84,13310,15794,"noop",13310,72
"ticket",88,13275,15794,"noop",13274,73
"ticket",85,13023,15794,"noop",13022,74
"ticket",87,13287,15794,"noop",13286,75
"ticket",85,13510,15794,"noop",13508,76
"ticket",84,13126,15794,"noop",13125,77
"ticket",85,13212,15794,"noop",13212,78
"ticket",85,13585,15794,"noop",13583,79
"ticket",85,13094,15794,"noop",13093,80
"ticket",85,13378,15794,"noop",13376,81
"ticket",85,13011,15794,"noop",13010,82
"ticket",86,13434,15794,"noop",13434,83
"ticket",84,13110,15794,"noop",13110,84
"ticket",85,13081,15794,"noop",13080,85
"ticket",85,13061,15794,"noop",13060,86
"ticket",88,13038,15794,"noop",13036,87
"ticket",85,13283,15794,"noop",13282,88
"ticket",85,13444,15794,"noop",13443,89
"ticket",88,13141,15794,"noop",13141,90
"ticket",85,13135,15794,"noop",13133,91
"ticket",85,13179,15794,"noop",13178,92
"ticket",85,12904,15794,"noop",12903,93
"ticket",85,13961,15794,"noop",13961,94
"ticket",86,13297,15794,"noop",13296,95
"ticket",89,12905,15794,"noop",12904,96
"ticket",85,13232,15794,"noop",13231,97
"ticket",85,13174,15794,"noop",13174,98
"ticket",87,13269,15794,"noop",13269,99
"ticket",85,13194,15794,"check",13193,0
"ticket",89,13126,15794,"check",13126,1
"ticket",88,13301,15794,"check",13300,2
"ticket",86,13350,15794,"check",13349,3
"ticket",85,12905,15794,"check",12904,4
"ticket",88,13068,15794,"check",13067,5
"ticket",92,13043,15794,"check",13043,6
"ticket",90,13228,15794,"check",13227,7
"ticket",88,13110,15794,"check",13110,8
"ticket",87,13486,15794,"check",13485,9
"ticket",91,13244,15794,"check",13243,10
"ticket",84,13202,15794,"check",13201,11
"ticket",86,13485,15794,"check",13484,12
"ticket",86,13269,15794,"check",13268,13
"ticket",86,13484,15794,"check",13483,14
"ticket",84,13262,15794,"check",13262,15
"ticket",85,13077,15794,"check",13076,16
"ticket",87,13479,15794,"check",13479,17
"ticket",85,13383,15794,"check",13383,18
"ticket",85,13192,15794,"check",13191,19
"ticket",85,13260,15794,"check",13259,20
"ticket",86,13044,15794,"check",13043,21
"ticket",86,13130,15794,"check",13129,22
"ticket",85,13195,15794,"check",13195,23
"ticket",85,12920,15794,"check",12920,24
"ticket",85,13257,15794,"check",13256,25
"ticket",85,13212,15794,"check",13211,26
"ticket",86,12992,15794,"check",12991,27
"ticket",85,13027,15794,"check",13026,28
"ticket",86,13258,15794,"check",13258,29
"ticket",87,13196,15794,"check",13195,30
"ticket",86,13002,15794,"check",13001,31
"ticket",85,13300,15794,"check",13300,32
"ticket",86,13043,15794,"check",13043,33
"ticket",85,13312,15794,"check",13312,34
"ticket",85,13090,15794,"check",13089,35
"ticket",85,13449,15794,"check",13448,36
"ticket",85,12924,15794,"check",12924,37
"ticket",87,13130,15794,"check",13129,38
"ticket",85,12868,15794,"check",12867,39
"ticket",85,13193,15794,"check",13193,40
"ticket",85,13463,15794,"check",13463,41
"ticket",87,13633,15794,"check",13631,42
"ticket",86,12981,15794,"check",12980,43
"ticket",89,13463,15794,"check",13461,44
"ticket",89,13358,15794,"check",13358,45
"ticket",88,13521,15794,"check",13520,46
"ticket",88,12910,15794,"check",12909,47
"ticket",85,13184,15794,"check",13184,48
"ticket",84,13137,15794,"check",13137,49
"ticket",88,13215,15794,"check",13215,50
"ticket",86,13196,15794,"check",13195,51
"ticket",83,12984,15794,"check",12984,52
"ticket",87,13550,15794,"check",13550,53
"ticket",88,12991,15794,"check",12990,54
"ticket",88,13046,15794,"check",13045,55
"ticket",88,13090,15794,"check",13089,56
"ticket",89,13155,15794,"check",13155,57
"ticket",89,13134,15794,"check",13133,58
"ticket",87,13207,15794,"check",13207,59
"ticket",89,13056,15794,"check",13056,60
"ticket",85,13393,15794,"check",13392,61
"ticket",87,12945,15794,"check",12944,62
"ticket",84,13101,15794,"check",13099,63
"ticket",85,13215,15794,"check",13215,64
"ticket",88,13025,15794,"check",13025,65
"ticket",84,13185,15794,"check",13184,66
"ticket",85,13229,15794,"check",13228,67
"ticket",84,13164,15794,"check",13163,68
"ticket",86,13234,15794,"check",13234,69
"ticket",84,13346,15794,"check",13345,70
"ticket",87,13280,15794,"check",13280,71
"ticket",84,13776,15794,"check",13775,72
"ticket",85,13230,15794,"check",13230,73
"ticket",89,13504,15794,"check",13503,74
"ticket",85,13154,15794,"check",13153,75
"ticket",85,13137,15794,"check",13137,76
"ticket",84,13271,15794,"check",13270,77
"ticket",87,12844,15794,"check",12843,78
"ticket",86,13103,15794,"check",13102,79
"ticket",86,13133,15794,"check",13132,80
"ticket",85,13275,15794,"check",13274,81
"ticket",85,13209,15794,"check",13208,82
"ticket",89,13250,15794,"check",13249,83
"ticket",85,13184,15794,"check",13184,84
"ticket",85,12900,15794,"check",12899,85
"ticket",84,12958,15794,"check",12957,86
"ticket",85,13462,15794,"check",13461,87
"ticket",85,13256,15794,"check",13256,88
"ticket",88,13401,15794,"check",13400,89
"ticket",85,13093,15794,"check",13092,90
"ticket",85,13082,15794,"check",13081,91
"ticket",85,12994,15794,"check",12994,92
"ticket",85,13410,15794,"check",13409,93
"ticket",85,13000,15794,"check",13000,94
"ticket",87,13253,15794,"check",13253,95
"ticket",85,13563,15794,"check",13562,96
"ticket",85,12998,15794,"check",12997,97
"ticket",86,13256,15794,"check",13256,98
"ticket",85,13154,15794,"check",13153,99
